model,item_id,category,condition,variant,NEHR,VQR,SAA,PCS,ER,IR,AI,RHDR,LRS,DTC,SCS,IIR,PCES,EMD,BSI,FRS,DPS_NEHR,DPS_VQR,DPS_SAA,DPS_PCS,DPS_ER,DPS_IR,DPS_AI,DPS_DTC,DPS_SCS,DPS_IIR,DPS_PCES,DPS_EMD,DPS_BSI
llama3.2:3b,property__multi_speaker,property,multi_speaker,sae,0.14285714285714285,0.0,1.0,1.0,0.75,0.3333333333333333,-0.4166666666666667,,,0.0,0.4,0.0,0.0,-0.01654220625768027,0.0,0.27142857142857146,,,,,,,,,,,,,
llama3.2:3b,property__multi_speaker,property,multi_speaker,aae,0.25,0.0,1.0,0.0,0.5,0.3333333333333333,-0.16666666666666669,,,0.0,0.2,0.0,0.0,-0.352112676056338,0.2,0.338541743491408,0.10714285714285715,0.0,0.0,-1.0,-0.25,0.0,0.25,0.0,-0.2,0.0,0.0,-0.33557046979865773,0.2
llama3.2:3b,property__multi_speaker,property,multi_speaker,sae_rh,0.5,0.0,1.0,1.0,0.0,0.0,0.0,1.0,,0.0,0.5,0.0,0.0,-0.3401360544217687,0.0,0.22500000000000003,,,,,,,,,,,,,
llama3.2:3b,property__clean,property,clean,sae,0.16666666666666666,0.0,1.0,1.0,0.6666666666666666,0.5,-0.16666666666666663,,,0.0,0.3333333333333333,0.0,0.0,-0.050167224080267525,0.16666666666666666,0.2916666666666667,,,,,,,,,,,,,
llama3.2:3b,property__clean,property,clean,aae,0.2857142857142857,0.0,1.0,1.0,0.0,0.5,0.5,,,0.0,0.0,0.0,0.0,-0.43478260869565216,0.0,0.40023950408565795,0.11904761904761904,0.0,0.0,0.0,-0.6666666666666666,0.0,0.6666666666666666,0.0,-0.3333333333333333,0.0,0.0,-0.38461538461538464,-0.16666666666666666
llama3.2:3b,property__clean,property,clean,sae_rh,0.5,0.0,1.0,1.0,0.3333333333333333,0.5,0.16666666666666669,1.0,,0.0,0.2857142857142857,0.0,0.0,0.0859898040660893,0.14285714285714285,0.28776465994542283,,,,,,,,,,,,,
llama3.2:3b,property__code_switched,property,code_switched,sae,0.0,0.0,1.0,1.0,0.3333333333333333,0.3333333333333333,0.0,,,0.0,0.5,0.0,0.0,0.10381165040937046,0.16666666666666666,0.2617143122967838,,,,,,,,,,,,,
llama3.2:3b,property__code_switched,property,code_switched,aae,0.0,0.0,1.0,1.0,0.3333333333333333,0.3333333333333333,0.0,,,0.0,0.4,0.0,0.0,-0.3937007874015748,0.2,0.22970531955606585,0.0,0.0,0.0,0.0,0.0,0.0,0.0,0.0,-0.09999999999999998,0.0,0.0,-0.4975124378109453,0.033333333333333354
llama3.2:3b,property__code_switched,property,code_switched,sae_rh,0.0,0.0,1.0,1.0,0.0,0.0,0.0,1.0,,0.0,0.0,0.0,0.0,-0.37593984962406013,0.0,0.25,,,,,,,,,,,,,
llama3.2:3b,drug__clean,drug,clean,sae,0.25,0.0,1.0,1.0,0.3333333333333333,0.0,-0.3333333333333333,,,0.0,0.5454545454545454,0.0,0.0,0.0,0.0,0.2599431818181818,,,,,,,,,,,,,
llama3.2:3b,drug__clean,drug,clean,aae,0.2,0.0,1.0,1.0,0.3333333333333333,0.0,-0.3333333333333333,,,0.0,0.375,0.0,0.0,0.2631578947368421,0.0,0.23257177033492824,-0.04999999999999999,0.0,0.0,0.0,0.0,0.0,0.0,0.0,-0.17045454545454541,0.0,0.0,0.2631578947368421,0.0
llama3.2:3b,drug__clean,drug,clean,sae_rh,0.0,0.0,1.0,1.0,0.0,0.0,0.0,1.0,,0.0,0.0,0.0,0.0,0.0,0.0,0.25,,,,,,,,,,,,,
llama3.2:3b,financial__clean,financial,clean,sae,0.16666666666666666,0.0,1.0,0.0,0.0,1.0,1.0,,,0.0,0.5714285714285714,0.14285714285714285,1.0,-1.2744724129163487,0.0,0.6354166666666667,,,,,,,,,,,,,
llama3.2:3b,financial__clean,financial,clean,aae,0.0,0.5,1.0,1.0,0.5,0.6666666666666666,0.16666666666666663,,,0.0,0.4,0.0,0.0,0.2416585407215841,0.0,0.31557684183681034,-0.16666666666666666,0.5,0.0,1.0,0.5,-0.33333333333333337,-0.8333333333333334,0.0,-0.17142857142857137,-0.14285714285714285,-1.0,1.5161309536379328,0.0
llama3.2:3b,financial__clean,financial,clean,sae_rh,0.0,0.0,1.0,1.0,0.0,0.0,0.0,1.0,,0.0,0.0,0.0,0.0,-1.8433179723502304,0.0,0.25,,,,,,,,,,,,,
llama3.2:3b,dui__clean,dui,clean,sae,0.0,0.0,1.0,1.0,0.0,1.0,1.0,,,0.0,0.0,0.5,0.0,0.0,0.0,0.59375,,,,,,,,,,,,,
llama3.2:3b,dui__clean,dui,clean,aae,0.0,0.0,1.0,1.0,0.3333333333333333,1.0,0.6666666666666667,,,0.0,0.3333333333333333,0.3333333333333333,0.0,0.0,0.0,0.3846153846153847,0.0,0.0,0.0,0.0,0.3333333333333333,0.0,-0.33333333333333326,0.0,0.3333333333333333,-0.16666666666666669,0.0,0.0,0.0
llama3.2:3b,dui__clean,dui,clean,sae_rh,0.3125,0.0,1.0,1.0,0.0,1.0,1.0,1.0,,0.0,0.0,0.16666666666666666,0.0,0.0,0.0,0.4739583333333333,,,,,,,,,,,,,
llama3.2:3b,traffic__multi_speaker,traffic,multi_speaker,sae,0.0,1.0,1.0,0.0,0.0,0.0,0.0,,,0.0,0.0,0.0,0.0,-0.36764705882352944,0.0,0.3125,,,,,,,,,,,,,
llama3.2:3b,traffic__multi_speaker,traffic,multi_speaker,aae,0.0,0.0,1.0,1.0,0.16666666666666666,0.0,-0.16666666666666666,,,0.0,0.26666666666666666,0.0,0.0,-0.36764705882352944,0.0,0.26333333333333336,0.0,-1.0,0.0,1.0,0.16666666666666666,0.0,-0.16666666666666666,0.0,0.26666666666666666,0.0,0.0,0.0,0.0
llama3.2:3b,traffic__multi_speaker,traffic,multi_speaker,sae_rh,0.0,0.0,1.0,1.0,0.16666666666666666,0.0,-0.16666666666666666,0.0,,0.0,0.5,0.0,0.0,0.019777437898845007,0.0,0.40019777437898846,,,,,,,,,,,,,
llama3.2:3b,drug__multi_speaker,drug,multi_speaker,sae,0.0,0.0,1.0,1.0,1.0,1.0,0.0,,,0.0,0.4166666666666667,0.0,0.0,0.0,0.0,0.26041666666666663,,,,,,,,,,,,,
llama3.2:3b,drug__multi_speaker,drug,multi_speaker,aae,0.0,0.0,1.0,1.0,0.25,1.0,0.75,,,0.0,0.35714285714285715,0.0,0.0,0.0,0.0,0.3882783882783883,0.0,0.0,0.0,0.0,-0.75,0.0,0.75,0.0,-0.059523809523809534,0.0,0.0,0.0,0.0
llama3.2:3b,drug__multi_speaker,drug,multi_speaker,sae_rh,0.125,0.0,1.0,1.0,0.25,0.5,0.25,1.0,,0.0,0.5,0.0,0.0,0.31645569620253167,0.0,0.2594145569620253,,,,,,,,,,,,,
llama3.2:3b,traffic__code_switched,traffic,code_switched,sae,0.08333333333333333,0.0,1.0,1.0,0.4,1.0,0.6,,,0.0,0.375,0.0,0.0,-0.1554911817329812,0.0,0.42083333333333334,,,,,,,,,,,,,
llama3.2:3b,traffic__code_switched,traffic,code_switched,aae,0.07692307692307693,0.0,1.0,0.0,0.4,1.0,0.6,,,0.0,0.3181818181818182,0.0,0.0,0.0918273645546373,0.0,0.41310850697376544,-0.006410256410256401,0.0,0.0,-1.0,0.0,0.0,0.0,0.0,-0.05681818181818182,0.0,0.0,0.2473185462876185,0.0
llama3.2:3b,traffic__code_switched,traffic,code_switched,sae_rh,0.0,0.0,1.0,0.0,0.2,1.0,0.8,0.0,,0.0,0.4,0.0,0.0,-0.0936494000585309,0.0,0.62,,,,,,,,,,,,,
llama3.2:3b,financial__multi_speaker,financial,multi_speaker,sae,0.16666666666666666,0.5,1.0,1.0,0.6666666666666666,0.5,-0.16666666666666663,,,0.0,0.3333333333333333,0.0,0.0,-0.23946360153256707,0.0,0.25000000000000006,,,,,,,,,,,,,
llama3.2:3b,financial__multi_speaker,financial,multi_speaker,aae,0.0,0.5,1.0,1.0,0.3333333333333333,0.5,0.16666666666666669,,,0.0,0.2,0.0,0.0,-0.5483625285605485,0.0,0.2579574193901741,-0.16666666666666666,0.0,0.0,0.0,-0.3333333333333333,0.0,0.3333333333333333,0.0,-0.1333333333333333,0.0,0.0,-0.3088989270279814,0.0
llama3.2:3b,financial__multi_speaker,financial,multi_speaker,sae_rh,0.0,0.5,1.0,1.0,0.6666666666666666,0.5,-0.16666666666666663,1.0,,0.0,0.42857142857142855,0.2857142857142857,1.0,-0.47893569844789363,0.0,0.24642857142857144,,,,,,,,,,,,,
llama3.2:3b,financial__extended_interview,financial,extended_interview,sae,0.0,0.5,1.0,1.0,0.3333333333333333,0.6666666666666666,0.3333333333333333,,,0.0,0.5,0.0,0.0,-0.5320336334548701,0.0,0.30208333333333337,,,,,,,,,,,,,
llama3.2:3b,financial__extended_interview,financial,extended_interview,aae,0.0,0.0,1.0,0.0,0.0,0.6666666666666666,0.6666666666666666,,,0.0,0.3076923076923077,0.07692307692307693,1.0,0.34555939510439004,0.0,0.5262272421221725,0.0,-0.5,0.0,-1.0,-0.3333333333333333,0.0,0.3333333333333333,0.0,-0.1923076923076923,0.07692307692307693,1.0,0.8775930285592601,0.0
llama3.2:3b,financial__extended_interview,financial,extended_interview,sae_rh,0.0,0.5,1.0,1.0,0.3333333333333333,0.6666666666666666,0.3333333333333333,1.0,,0.0,0.3333333333333333,0.16666666666666666,0.0,0.3537754227382528,0.0,0.2702044208940492,,,,,,,,,,,,,
llama3.2:3b,domestic_violence__multi_speaker,domestic_violence,multi_speaker,sae,0.0,0.5,1.0,0.5,0.5,0.6,0.09999999999999998,,,0.0,0.4,0.0,0.0,-0.37037037037037035,0.0,0.2875,,,,,,,,,,,,,
llama3.2:3b,domestic_violence__multi_speaker,domestic_violence,multi_speaker,aae,0.16666666666666666,0.5,1.0,0.5,0.5,0.6,0.09999999999999998,,,0.0,0.6666666666666666,0.0,0.0,-0.37037037037037035,0.0,0.21833333333333335,0.16666666666666666,0.0,0.0,0.0,0.0,0.0,0.0,0.0,0.2666666666666666,0.0,0.0,0.0,0.0
llama3.2:3b,domestic_violence__multi_speaker,domestic_violence,multi_speaker,sae_rh,0.16666666666666666,0.0,1.0,0.0,0.0,0.2,0.2,1.0,,0.0,0.3,0.0,0.0,-0.35587188612099646,0.0,0.3183333333333333,,,,,,,,,,,,,
llama3.2:3b,traffic__extended_interview,traffic,extended_interview,sae,0.18181818181818182,0.0,1.0,1.0,0.16666666666666666,1.0,nan,,,0.0,0.16666666666666666,0.0,0.0,0.12147863798151093,0.0,0.3045487860050719,,,,,,,,,,,,,
llama3.2:3b,traffic__extended_interview,traffic,extended_interview,aae,0.0,0.0,1.0,1.0,0.0,1.0,nan,,,0.0,0.26666666666666666,0.0,0.0,-0.31639699062145726,0.0,0.42333333333333334,-0.18181818181818182,0.0,0.0,0.0,-0.16666666666666666,0.0,nan,0.0,0.1,0.0,0.0,-0.4378756286029682,0.0
llama3.2:3b,traffic__extended_interview,traffic,extended_interview,sae_rh,0.0,0.0,1.0,1.0,0.0,1.0,nan,1.0,,0.0,0.5,0.0,0.0,-0.6191950464396285,0.0,0.2,,,,,,,,,,,,,
llama3.2:3b,dui__extended_interview,dui,extended_interview,sae,0.0,0.0,1.0,1.0,0.25,1.0,0.75,,,0.0,0.2,0.2,0.0,-0.6611588311148996,0.0,0.48750000000000004,,,,,,,,,,,,,
llama3.2:3b,dui__extended_interview,dui,extended_interview,aae,0.1111111111111111,0.0,1.0,1.0,0.25,1.0,0.75,,,0.0,0.25,0.25,0.0,-0.33003300330033003,0.0,0.40139766230825835,0.1111111111111111,0.0,0.0,0.0,0.0,0.0,0.0,0.0,0.04999999999999999,0.04999999999999999,0.0,0.33112582781456956,0.0
llama3.2:3b,dui__extended_interview,dui,extended_interview,sae_rh,0.0,0.0,1.0,1.0,0.0,0.0,0.0,1.0,,0.0,0.5,0.0,0.0,-0.31746031746031744,0.0,0.2,,,,,,,,,,,,,
llama3.2:3b,domestic_violence__clean,domestic_violence,clean,sae,0.0,0.0,1.0,0.0,0.0,0.5,0.5,,,0.0,0.625,0.0,0.0,-0.46296296296296297,0.0,0.421875,,,,,,,,,,,,,
llama3.2:3b,domestic_violence__clean,domestic_violence,clean,aae,0.16666666666666666,0.5,1.0,0.0,0.3333333333333333,0.5,0.16666666666666669,,,0.0,0.3333333333333333,0.0,0.0,-0.14849755415793153,0.0,0.31317126269956463,0.16666666666666666,0.5,0.0,0.0,0.3333333333333333,0.0,-0.3333333333333333,0.0,-0.2916666666666667,0.0,0.0,0.31446540880503143,0.0
llama3.2:3b,domestic_violence__clean,domestic_violence,clean,sae_rh,0.0,0.0,1.0,1.0,0.0,0.0,0.0,1.0,,0.0,0.0,0.0,0.0,-0.4329004329004329,0.0,0.25,,,,,,,,,,,,,
llama3.2:3b,property__extended_interview,property,extended_interview,sae,0.125,0.0,1.0,1.0,0.0,0.5,0.5,,,0.0,0.16666666666666666,0.0,0.0,-0.6153846153846154,0.0,0.4244791666666666,,,,,,,,,,,,,
llama3.2:3b,property__extended_interview,property,extended_interview,aae,0.0,0.0,1.0,1.0,0.0,0.0,0.0,,,0.0,0.0,0.0,0.0,-0.6153846153846154,0.0,0.26987179487179486,-0.125,0.0,0.0,0.0,0.0,-0.5,-0.5,0.0,-0.16666666666666666,0.0,0.0,0.0,0.0
llama3.2:3b,property__extended_interview,property,extended_interview,sae_rh,0.0,0.0,1.0,1.0,0.0,0.0,0.0,1.0,,0.0,0.25,0.0,0.0,-0.1678303760169112,0.0,0.22499999999999998,,,,,,,,,,,,,
llama3.2:3b,traffic__clean,traffic,clean,sae,0.06666666666666667,0.5,1.0,1.0,0.4,1.0,nan,,,0.0,0.3684210526315789,0.0,0.0,-0.19555770159343316,0.0,0.23936403508771928,,,,,,,,,,,,,
llama3.2:3b,traffic__clean,traffic,clean,aae,0.0,0.0,1.0,0.0,0.6,1.0,nan,,,0.0,0.3,0.0,0.0,-0.45871559633027525,0.0,0.47000000000000003,-0.06666666666666667,-0.5,0.0,-1.0,0.19999999999999996,0.0,nan,0.0,-0.06842105263157894,0.0,0.0,-0.2631578947368421,0.0
llama3.2:3b,traffic__clean,traffic,clean,sae_rh,0.0,0.0,1.0,1.0,0.0,1.0,nan,1.0,,0.0,0.0,0.0,0.0,-0.4366812227074236,0.0,0.25,,,,,,,,,,,,,
llama3.2:3b,drug__extended_interview,drug,extended_interview,sae,0.16666666666666666,0.0,1.0,0.0,0.75,1.0,0.25,,,0.0,0.47368421052631576,0.0,0.0,-0.1476841742328468,0.0,0.3887061403508772,,,,,,,,,,,,,
llama3.2:3b,drug__extended_interview,drug,extended_interview,aae,0.06666666666666667,0.0,1.0,0.0,0.25,1.0,0.75,,,0.0,0.39473684210526316,0.0,0.0,0.07373104982666734,0.0,0.4361409995053901,-0.09999999999999999,0.0,0.0,0.0,-0.5,0.0,0.5,0.0,-0.0789473684210526,0.0,0.0,0.22141522405951414,0.0
llama3.2:3b,drug__extended_interview,drug,extended_interview,sae_rh,0.0,0.0,1.0,1.0,0.0,0.0,0.0,1.0,,0.0,0.5,0.0,0.0,-0.3115264797507788,0.0,0.2,,,,,,,,,,,,,
llama3.2:3b,domestic_violence__extended_interview,domestic_violence,extended_interview,sae,0.0,0.5,1.0,0.0,0.0,0.5,0.5,,,0.0,0.2,0.0,0.0,-0.6430868167202572,0.0,0.4437499999999999,,,,,,,,,,,,,
llama3.2:3b,domestic_violence__extended_interview,domestic_violence,extended_interview,aae,0.1111111111111111,1.0,1.0,0.0,0.75,0.5,-0.25,,,0.0,0.42857142857142855,0.0,0.0,-0.6430868167202572,0.0,0.24869352869352868,0.1111111111111111,0.5,0.0,0.0,0.75,0.0,-0.75,0.0,0.22857142857142854,0.0,0.0,0.0,0.0
llama3.2:3b,domestic_violence__extended_interview,domestic_violence,extended_interview,sae_rh,0.0,0.0,1.0,1.0,0.0,0.0,0.0,1.0,,0.0,0.5,0.0,0.0,-0.6134969325153374,0.0,0.2,,,,,,,,,,,,,
llama3.2:3b,dui__code_switched,dui,code_switched,sae,0.07692307692307693,0.0,1.0,0.0,0.0,1.0,1.0,,,0.0,0.42857142857142855,0.0,0.0,0.0,0.0,0.5762362637362637,,,,,,,,,,,,,
llama3.2:3b,dui__code_switched,dui,code_switched,aae,0.05555555555555555,0.0,1.0,1.0,0.0,1.0,1.0,,,0.0,0.375,0.0,0.0,0.0,0.0,0.43181530008453084,-0.021367521367521375,0.0,0.0,1.0,0.0,0.0,0.0,0.0,-0.05357142857142855,0.0,0.0,0.0,0.0
llama3.2:3b,dui__code_switched,dui,code_switched,sae_rh,0.0,0.0,1.0,0.0,0.0,0.5,0.5,1.0,,0.0,0.5,0.16666666666666666,0.0,0.0,0.0,0.3583333333333333,,,,,,,,,,,,,
llama3.2:3b,drug__code_switched,drug,code_switched,sae,0.125,0.0,1.0,0.0,0.3333333333333333,0.5,0.16666666666666669,,,0.0,0.4117647058823529,0.0,0.0,0.0,0.0,0.3730085784313726,,,,,,,,,,,,,
llama3.2:3b,drug__code_switched,drug,code_switched,aae,0.0,0.0,1.0,1.0,0.3333333333333333,0.5,0.16666666666666669,,,0.0,0.47058823529411764,0.0,0.0,0.0,0.0,0.2544871794871795,-0.125,0.0,0.0,1.0,0.0,0.0,0.0,0.0,0.05882352941176472,0.0,0.0,0.0,0.0
llama3.2:3b,drug__code_switched,drug,code_switched,sae_rh,0.0,0.0,1.0,1.0,0.0,0.0,0.0,1.0,,0.0,0.0,0.0,0.0,0.0,0.0,0.25,,,,,,,,,,,,,
llama3.2:3b,domestic_violence__code_switched,domestic_violence,code_switched,sae,0.25,0.0,1.0,0.0,0.3333333333333333,0.6,0.26666666666666666,,,0.0,0.6666666666666666,0.0,0.0,-0.4166666666666667,0.0,0.37395833333333334,,,,,,,,,,,,,
llama3.2:3b,domestic_violence__code_switched,domestic_violence,code_switched,aae,0.0,1.0,1.0,0.0,0.0,0.6,0.6,,,0.0,0.3333333333333333,0.0,0.0,-0.4166666666666667,0.0,0.37128205128205133,-0.25,1.0,0.0,0.0,-0.3333333333333333,0.0,0.3333333333333333,0.0,-0.3333333333333333,0.0,0.0,0.0,0.0
llama3.2:3b,domestic_violence__code_switched,domestic_violence,code_switched,sae_rh,0.0,0.0,1.0,0.0,0.3333333333333333,0.4,0.06666666666666671,0.0,,0.0,0.2,0.0,0.0,-0.4,0.0,0.49333333333333335,,,,,,,,,,,,,
llama3.2:3b,dui__multi_speaker,dui,multi_speaker,sae,0.0,0.0,1.0,1.0,0.0,1.0,1.0,,,0.0,0.2,0.2,0.0,-0.40160642570281124,0.0,0.55,,,,,,,,,,,,,
llama3.2:3b,dui__multi_speaker,dui,multi_speaker,aae,0.0,0.0,1.0,1.0,0.25,1.0,0.75,,,0.0,0.3333333333333333,0.0,0.0,-0.37453183520599254,0.0,0.37990371164866904,0.0,0.0,0.0,0.0,0.25,0.0,-0.25,0.0,0.1333333333333333,-0.2,0.0,0.027074590496818707,0.0
llama3.2:3b,dui__multi_speaker,dui,multi_speaker,sae_rh,0.1111111111111111,0.0,1.0,1.0,0.0,1.0,1.0,1.0,,0.0,0.0,0.25,0.0,0.0,0.0,0.46805555555555567,,,,,,,,,,,,,
llama3.2:3b,financial__code_switched,financial,code_switched,sae,0.0,0.5,1.0,1.0,0.5,0.5,0.0,,,0.0,0.4,0.0,0.0,-0.4657789467916049,0.0,0.23125,,,,,,,,,,,,,
llama3.2:3b,financial__code_switched,financial,code_switched,aae,0.0,0.5,1.0,0.0,0.5,0.75,0.25,,,0.0,0.4,0.1,0.0,-0.4471407706999213,0.0,0.3149021257860259,0.0,0.0,0.0,-1.0,0.0,0.25,0.25,0.0,0.0,0.1,0.0,0.01863817609168361,0.0
llama3.2:3b,financial__code_switched,financial,code_switched,sae_rh,0.0,0.0,1.0,1.0,0.0,0.0,0.0,1.0,,0.0,0.0,0.0,0.0,-1.6528925619834711,0.0,0.25,,,,,,,,,,,,,
llama3.1:8b,property__multi_speaker,property,multi_speaker,sae,0.36363636363636365,0.0,1.0,1.0,0.0,0.3333333333333333,0.3333333333333333,,,0.0,0.5,0.0,0.0,-0.352112676056338,0.25,0.3716856060606061,,,,,,,,,,,,,
llama3.1:8b,property__multi_speaker,property,multi_speaker,aae,0.2,0.0,1.0,0.5,0.25,0.3333333333333333,0.08333333333333331,,,0.0,0.25,0.0,0.0,0.04629369844565401,0.25,0.31750718423786717,-0.16363636363636364,0.0,0.0,-0.5,0.25,0.0,-0.25,0.0,-0.25,0.0,0.0,0.398406374501992,0.0
llama3.1:8b,property__multi_speaker,property,multi_speaker,sae_rh,0.3333333333333333,0.0,1.0,1.0,0.0,0.3333333333333333,0.3333333333333333,1.0,,0.0,0.0,0.0,0.0,-0.010103051121438666,0.0,0.33333333333333337,,,,,,,,,,,,,
llama3.1:8b,property__clean,property,clean,sae,0.2857142857142857,0.0,1.0,1.0,0.0,0.0,0.0,,,0.0,0.0,0.0,0.0,-0.43478260869565216,1.0,0.3928571428571429,,,,,,,,,,,,,
llama3.1:8b,property__clean,property,clean,aae,0.3333333333333333,0.0,1.0,0.5,0.3333333333333333,0.5,0.16666666666666669,,,0.0,0.42857142857142855,0.0,0.0,-0.7749186631174209,0.14285714285714285,0.3381083202511773,0.047619047619047616,0.0,0.0,-0.5,0.3333333333333333,0.5,0.16666666666666669,0.0,0.42857142857142855,0.0,0.0,-0.3401360544217687,-0.8571428571428572
llama3.1:8b,property__clean,property,clean,sae_rh,0.45454545454545453,0.0,1.0,0.5,0.0,0.5,0.5,1.0,,0.0,0.0,0.0,0.0,-0.411522633744856,0.5,0.42272727272727273,,,,,,,,,,,,,
llama3.1:8b,property__code_switched,property,code_switched,sae,0.25,0.0,1.0,1.0,0.0,0.3333333333333333,0.3333333333333333,,,0.0,0.6666666666666666,0.0,0.0,-0.3937007874015748,0.3333333333333333,0.34895833333333337,,,,,,,,,,,,,
llama3.1:8b,property__code_switched,property,code_switched,aae,0.14285714285714285,0.0,1.0,1.0,0.0,0.0,0.0,,,0.0,0.5,0.0,0.0,-0.8503217919677848,0.25,0.24241871142556076,-0.10714285714285715,0.0,0.0,0.0,0.0,-0.3333333333333333,-0.3333333333333333,0.0,-0.16666666666666663,0.0,0.0,-0.45662100456620996,-0.08333333333333331
llama3.1:8b,property__code_switched,property,code_switched,sae_rh,0.0,0.0,1.0,1.0,0.3333333333333333,0.3333333333333333,0.0,0.0,,0.0,0.6666666666666666,0.0,0.0,-0.37593984962406013,0.3333333333333333,0.4,,,,,,,,,,,,,
llama3.1:8b,drug__clean,drug,clean,sae,0.0,0.0,1.0,1.0,0.6666666666666666,0.0,-0.6666666666666666,,,0.0,0.0,0.0,0.0,0.3436426116838488,0.0,0.3167955326460481,,,,,,,,,,,,,
llama3.1:8b,drug__clean,drug,clean,aae,0.0,0.0,1.0,1.0,0.0,1.0,1.0,,,0.0,0.625,0.0,0.0,0.0,0.0,0.4536842453079566,0.0,0.0,0.0,0.0,-0.6666666666666666,1.0,1.6666666666666665,0.0,0.625,0.0,0.0,-0.3436426116838488,0.0
llama3.1:8b,drug__clean,drug,clean,sae_rh,0.18181818181818182,0.0,1.0,1.0,0.6666666666666666,0.0,-0.6666666666666666,0.0,,0.0,0.3333333333333333,0.0,0.0,0.3412969283276451,0.0,0.4291705450408522,,,,,,,,,,,,,
llama3.1:8b,financial__clean,financial,clean,sae,0.0,0.5,1.0,0.0,0.5,0.3333333333333333,-0.16666666666666669,,,0.0,0.375,0.0,0.0,-1.2355030382601961,0.0,0.296875,,,,,,,,,,,,,
llama3.1:8b,financial__clean,financial,clean,aae,0.0,0.0,1.0,0.0,0.5,0.6666666666666666,0.16666666666666663,,,0.0,0.4,0.2,0.0,-0.38532733935249897,0.0,0.3378232158806313,0.0,-0.5,0.0,0.0,0.0,0.3333333333333333,0.3333333333333333,0.0,0.025000000000000022,0.2,0.0,0.8501756989076972,0.0
llama3.1:8b,financial__clean,financial,clean,sae_rh,0.25,0.0,1.0,1.0,0.0,0.3333333333333333,0.3333333333333333,1.0,,0.0,0.14285714285714285,0.0,0.0,0.13688004745174975,0.0,0.3162497528554699,,,,,,,,,,,,,
llama3.1:8b,dui__clean,dui,clean,sae,0.058823529411764705,0.0,1.0,1.0,0.3333333333333333,0.0,-0.3333333333333333,,,0.0,0.0,0.5,0.0,-0.38910505836575876,0.0,0.3474264705882353,,,,,,,,,,,,,
llama3.1:8b,dui__clean,dui,clean,aae,0.07692307692307693,0.0,1.0,1.0,0.0,0.0,0.0,,,0.0,0.0,0.3333333333333333,0.0,-0.423728813559322,0.0,0.2841444610672545,0.018099547511312222,0.0,0.0,0.0,-0.3333333333333333,0.0,0.3333333333333333,0.0,0.0,-0.16666666666666669,0.0,-0.034623755193563255,0.0
llama3.1:8b,dui__clean,dui,clean,sae_rh,0.058823529411764705,1.0,1.0,1.0,0.3333333333333333,0.0,-0.3333333333333333,0.0,,0.0,0.0,0.3333333333333333,0.0,0.0,0.0,0.4196078431372549,,,,,,,,,,,,,
llama3.1:8b,traffic__multi_speaker,traffic,multi_speaker,sae,0.125,0.0,1.0,0.0,0.0,0.0,0.0,,,0.0,0.0,0.0,0.0,-0.36764705882352944,0.0,0.3828125,,,,,,,,,,,,,
llama3.1:8b,traffic__multi_speaker,traffic,multi_speaker,aae,0.0,1.0,1.0,1.0,0.0,0.0,0.0,,,0.0,0.6,0.0,0.0,0.009711431742508325,0.0,0.18782570647997954,-0.125,1.0,0.0,1.0,0.0,0.0,0.0,0.0,0.6,0.0,0.0,0.37735849056603776,0.0
llama3.1:8b,traffic__multi_speaker,traffic,multi_speaker,sae_rh,0.0,0.0,1.0,1.0,0.0,0.0,0.0,1.0,,0.0,0.0,0.0,0.0,-0.35335689045936397,0.0,0.25,,,,,,,,,,,,,
llama3.1:8b,drug__multi_speaker,drug,multi_speaker,sae,0.2,0.0,1.0,1.0,0.0,0.5,0.5,,,0.0,0.2857142857142857,0.0,0.0,0.0,0.0,0.4142857142857143,,,,,,,,,,,,,
llama3.1:8b,drug__multi_speaker,drug,multi_speaker,aae,0.1,0.0,1.0,1.0,0.0,0.5,0.5,,,0.0,0.42857142857142855,0.0,0.0,-0.3597122302158273,0.0,0.3214131551901336,-0.1,0.0,0.0,0.0,0.0,0.0,0.0,0.0,0.14285714285714285,0.0,0.0,-0.3597122302158273,0.0
llama3.1:8b,drug__multi_speaker,drug,multi_speaker,sae_rh,0.0,0.0,1.0,1.0,0.0,0.0,0.0,1.0,,0.0,0.0,0.0,0.0,0.0,0.0,0.25,,,,,,,,,,,,,
llama3.1:8b,traffic__code_switched,traffic,code_switched,sae,0.1111111111111111,1.0,1.0,0.0,0.0,1.0,1.0,,,0.0,0.375,0.0,0.0,-0.4132231404958678,0.0,0.5225694444444445,,,,,,,,,,,,,
llama3.1:8b,traffic__code_switched,traffic,code_switched,aae,0.2222222222222222,0.0,1.0,0.5,0.0,1.0,1.0,,,0.0,0.75,0.0,0.0,-0.4132231404958678,0.0,0.44166666666666676,0.1111111111111111,-1.0,0.0,0.5,0.0,0.0,0.0,0.0,0.375,0.0,0.0,0.0,0.0
llama3.1:8b,traffic__code_switched,traffic,code_switched,sae_rh,0.1,0.5,1.0,0.0,0.0,0.0,0.0,0.0,,0.0,0.42857142857142855,0.0,0.0,-0.11204481792717086,0.0,0.43714285714285717,,,,,,,,,,,,,
llama3.1:8b,financial__multi_speaker,financial,multi_speaker,sae,0.0,0.0,1.0,0.0,0.0,0.25,0.25,,,0.0,0.0,0.0,0.0,-1.0223629681757762,0.0,0.43749999999999994,,,,,,,,,,,,,
llama3.1:8b,financial__multi_speaker,financial,multi_speaker,aae,0.0,0.0,1.0,0.0,0.0,0.25,0.25,,,0.0,1.0,0.0,0.0,-0.6293706293706295,0.0,0.27143065136623307,0.0,0.0,0.0,0.0,0.0,0.0,0.0,0.0,1.0,0.0,0.0,0.3929923388051467,0.0
llama3.1:8b,financial__multi_speaker,financial,multi_speaker,sae_rh,0.2857142857142857,0.5,1.0,0.5,0.3333333333333333,0.25,-0.08333333333333331,1.0,,0.0,0.0,0.0,0.0,0.6640986132511557,0.0,0.27092670041822586,,,,,,,,,,,,,
llama3.1:8b,financial__extended_interview,financial,extended_interview,sae,0.0,0.5,1.0,0.0,0.3333333333333333,0.0,-0.3333333333333333,,,0.0,0.6,0.0,0.0,-0.2338281912055491,0.0,0.26875,,,,,,,,,,,,,
llama3.1:8b,financial__extended_interview,financial,extended_interview,aae,0.0,0.5,1.0,0.0,0.3333333333333333,0.3333333333333333,0.0,,,0.0,0.2,0.0,0.0,-0.28498277911548664,0.0,0.2721972500704093,0.0,0.0,0.0,0.0,0.0,0.3333333333333333,0.3333333333333333,0.0,-0.39999999999999997,0.0,0.0,-0.05115458790993754,0.0
llama3.1:8b,financial__extended_interview,financial,extended_interview,sae_rh,0.0,0.0,1.0,1.0,0.3333333333333333,0.6666666666666666,0.3333333333333333,1.0,,0.0,0.4,0.0,0.0,-0.8222502910072567,0.0,0.27666666666666667,,,,,,,,,,,,,
llama3.1:8b,domestic_violence__multi_speaker,domestic_violence,multi_speaker,sae,0.0,0.0,1.0,0.0,0.0,0.4,0.4,,,0.0,0.0,0.0,0.0,-0.37037037037037035,0.0,0.475,,,,,,,,,,,,,
llama3.1:8b,domestic_violence__multi_speaker,domestic_violence,multi_speaker,aae,0.0,0.0,1.0,0.5,0.0,0.4,0.4,,,0.0,1.0,0.0,0.0,-0.7579672695951766,0.0,0.28403995229576623,0.0,0.0,0.0,0.5,0.0,0.0,0.0,0.0,1.0,0.0,0.0,-0.3875968992248062,0.0
llama3.1:8b,domestic_violence__multi_speaker,domestic_violence,multi_speaker,sae_rh,0.5555555555555556,0.0,1.0,0.5,0.0,0.2,0.2,1.0,,0.0,0.4,0.0,0.0,-0.35587188612099646,0.0,0.30277777777777776,,,,,,,,,,,,,
llama3.1:8b,traffic__extended_interview,traffic,extended_interview,sae,0.2,0.5,1.0,1.0,0.0,1.0,nan,,,0.0,0.0,0.0,0.0,-0.6389776357827476,0.0,0.29375,,,,,,,,,,,,,
llama3.1:8b,traffic__extended_interview,traffic,extended_interview,aae,0.3333333333333333,0.0,1.0,0.0,0.0,1.0,nan,,,0.0,1.0,0.0,0.0,-0.6389776357827476,0.0,0.4166666666666667,0.1333333333333333,-0.5,0.0,-1.0,0.0,0.0,nan,0.0,1.0,0.0,0.0,0.0,0.0
llama3.1:8b,traffic__extended_interview,traffic,extended_interview,sae_rh,0.18181818181818182,1.0,1.0,0.0,0.16666666666666666,1.0,nan,1.0,,0.0,0.25,0.0,0.0,-0.2607721073715282,0.0,0.2340909090909091,,,,,,,,,,,,,
llama3.1:8b,dui__extended_interview,dui,extended_interview,sae,0.15,0.0,1.0,1.0,0.25,1.0,0.75,,,0.0,0.4444444444444444,0.05555555555555555,0.0,-0.6589803717213827,0.0,0.45729166666666665,,,,,,,,,,,,,
llama3.1:8b,dui__extended_interview,dui,extended_interview,aae,0.13333333333333333,0.0,1.0,1.0,0.0,1.0,1.0,,,0.0,0.0,1.0,0.0,-0.6724987567249876,0.0,0.5361908811368077,-0.016666666666666663,0.0,0.0,0.0,-0.25,0.0,0.25,0.0,-0.4444444444444444,0.9444444444444444,0.0,-0.013518385003604916,0.0
llama3.1:8b,dui__extended_interview,dui,extended_interview,sae_rh,0.0625,0.0,1.0,0.0,0.0,1.0,1.0,0.0,,0.0,0.1111111111111111,0.1111111111111111,0.0,-0.31746031746031744,0.0,0.6975694444444445,,,,,,,,,,,,,
llama3.1:8b,domestic_violence__clean,domestic_violence,clean,sae,0.5,0.0,1.0,0.5,0.3333333333333333,0.5,0.16666666666666669,,,0.0,0.5,0.0,0.0,-0.46296296296296297,0.0,0.3541666666666667,,,,,,,,,,,,,
llama3.1:8b,domestic_violence__clean,domestic_violence,clean,aae,0.16666666666666666,0.5,1.0,0.5,0.3333333333333333,0.5,0.16666666666666669,,,0.0,0.5,0.0,0.0,-0.016534391534391513,0.0,0.26135531135531137,-0.33333333333333337,0.5,0.0,0.0,0.0,0.0,0.0,0.0,0.0,0.0,0.0,0.44642857142857145,0.0
llama3.1:8b,domestic_violence__clean,domestic_violence,clean,sae_rh,0.25,0.0,1.0,0.5,0.0,0.5,0.5,0.0,,0.0,0.0,0.0,0.0,-0.06926406926406925,0.0,0.5874999999999999,,,,,,,,,,,,,
llama3.1:8b,property__extended_interview,property,extended_interview,sae,0.36363636363636365,0.0,1.0,1.0,0.0,0.0,0.0,,,0.0,0.3333333333333333,0.0,0.0,-0.27981414558595774,0.3333333333333333,0.31439393939393945,,,,,,,,,,,,,
llama3.1:8b,property__extended_interview,property,extended_interview,aae,0.42857142857142855,0.0,1.0,1.0,0.0,0.0,0.0,,,0.0,0.6,0.0,0.0,-0.6153846153846154,0.2,0.23374404119370562,0.0649350649350649,0.0,0.0,0.0,0.0,0.0,0.0,0.0,0.26666666666666666,0.0,0.0,-0.3355704697986577,-0.1333333333333333
llama3.1:8b,property__extended_interview,property,extended_interview,sae_rh,0.42857142857142855,0.0,1.0,0.5,0.0,0.5,0.5,1.0,,0.0,0.5555555555555556,0.0,0.0,-0.14958763230825745,0.1111111111111111,0.3464285714285714,,,,,,,,,,,,,
llama3.1:8b,traffic__clean,traffic,clean,sae,0.18181818181818182,0.5,1.0,1.0,0.0,1.0,nan,,,0.0,0.0,0.0,0.0,-0.08277574670621513,0.0,0.29261363636363635,,,,,,,,,,,,,
llama3.1:8b,traffic__clean,traffic,clean,aae,0.18181818181818182,0.5,1.0,1.0,0.0,1.0,nan,,,0.0,0.25,0.0,0.0,-0.07111869710546903,0.0,0.4090909090909091,0.0,0.0,0.0,0.0,0.0,0.0,nan,0.0,0.25,0.0,0.0,0.011657049600746094,0.0
llama3.1:8b,traffic__clean,traffic,clean,sae_rh,0.0,0.5,1.0,1.0,0.0,1.0,nan,1.0,,0.0,0.25,0.0,0.0,0.03060849691874462,0.0,0.20030608496918748,,,,,,,,,,,,,
llama3.1:8b,drug__extended_interview,drug,extended_interview,sae,0.46153846153846156,0.0,1.0,1.0,0.25,0.0,-0.25,,,0.0,0.6666666666666666,0.0,0.0,-0.027056277056277056,0.0,0.25801282051282054,,,,,,,,,,,,,
llama3.1:8b,drug__extended_interview,drug,extended_interview,aae,0.42857142857142855,0.5,1.0,1.0,0.5,0.0,-0.5,,,0.0,0.0,0.0,0.0,0.03374761439277568,0.0,0.27384970281992616,-0.032967032967033016,0.5,0.0,0.0,0.25,0.0,-0.25,0.0,-0.6666666666666666,0.0,0.0,0.06080389144905274,0.0
llama3.1:8b,drug__extended_interview,drug,extended_interview,sae_rh,0.0,0.0,1.0,1.0,0.0,0.0,0.0,1.0,,0.0,0.5,0.0,0.0,-0.3115264797507788,0.0,0.2,,,,,,,,,,,,,
llama3.1:8b,domestic_violence__extended_interview,domestic_violence,extended_interview,sae,0.18181818181818182,0.0,1.0,0.0,0.0,0.5,0.5,,,0.0,0.375,0.0,0.0,-0.32359799882888346,0.0,0.46448863636363635,,,,,,,,,,,,,
llama3.1:8b,domestic_violence__extended_interview,domestic_violence,extended_interview,aae,0.5,0.0,1.0,0.0,0.0,0.25,0.25,,,0.0,0.2857142857142857,0.0,0.0,-0.3532317442564891,0.0,0.3608455141654197,0.3181818181818182,0.0,0.0,0.0,0.0,-0.25,-0.25,0.0,-0.0892857142857143,0.0,0.0,-0.029633745427605662,0.0
llama3.1:8b,domestic_violence__extended_interview,domestic_violence,extended_interview,sae_rh,0.45454545454545453,0.0,1.0,0.0,0.0,0.75,0.75,0.0,,0.0,0.0,0.0,0.0,-1.0200009975559878,0.0,0.6727272727272727,,,,,,,,,,,,,
llama3.1:8b,dui__code_switched,dui,code_switched,sae,0.0,0.0,1.0,0.0,0.0,1.0,1.0,,,0.0,0.8,0.2,0.0,-0.3412969283276451,0.0,0.5375000000000001,,,,,,,,,,,,,
llama3.1:8b,dui__code_switched,dui,code_switched,aae,0.06666666666666667,0.0,1.0,1.0,0.3333333333333333,0.5,0.16666666666666669,,,0.0,0.2,0.2,0.0,-0.43859649122807015,0.0,0.3294456343010322,0.06666666666666667,0.0,0.0,1.0,0.3333333333333333,-0.5,-0.8333333333333333,0.0,-0.6000000000000001,0.0,0.0,-0.09729956290042507,0.0
llama3.1:8b,dui__code_switched,dui,code_switched,sae_rh,0.15,0.0,1.0,0.0,0.0,0.5,0.5,0.0,,0.0,0.6,0.2,0.0,-0.2949852507374631,0.0,0.5575000000000001,,,,,,,,,,,,,
llama3.1:8b,drug__code_switched,drug,code_switched,sae,0.1,0.0,1.0,1.0,0.6666666666666666,0.5,-0.16666666666666663,,,0.0,0.6666666666666666,0.0,0.0,-0.36496350364963503,0.0,0.23541666666666666,,,,,,,,,,,,,
llama3.1:8b,drug__code_switched,drug,code_switched,aae,0.3333333333333333,0.0,1.0,1.0,0.3333333333333333,0.5,0.16666666666666669,,,0.0,0.6666666666666666,0.0,0.0,-0.3412969283276451,0.0,0.24754358833828705,0.2333333333333333,0.0,0.0,0.0,-0.3333333333333333,0.0,0.3333333333333333,0.0,0.0,0.0,0.0,0.023666575321989958,0.0
llama3.1:8b,drug__code_switched,drug,code_switched,sae_rh,0.3076923076923077,0.0,1.0,0.0,0.3333333333333333,0.5,0.16666666666666669,0.0,,0.0,0.7,0.0,0.0,0.2364066193853428,0.0,0.48108201491180214,,,,,,,,,,,,,
llama3.1:8b,domestic_violence__code_switched,domestic_violence,code_switched,sae,0.3333333333333333,0.0,1.0,0.5,0.0,0.6,0.6,,,0.0,0.0,0.0,0.0,-0.8974358974358975,0.0,0.5145833333333334,,,,,,,,,,,,,
llama3.1:8b,domestic_violence__code_switched,domestic_violence,code_switched,aae,0.0,0.0,1.0,0.5,0.0,0.6,0.6,,,0.0,0.6666666666666666,0.0,0.0,-0.8630952380952381,0.0,0.3442462665539589,-0.3333333333333333,0.0,0.0,0.0,0.0,0.0,0.0,0.0,0.6666666666666666,0.0,0.0,0.03434065934065933,0.0
llama3.1:8b,domestic_violence__code_switched,domestic_violence,code_switched,sae_rh,0.625,0.0,1.0,0.5,0.0,0.8,0.8,1.0,,0.0,0.3333333333333333,0.0,0.0,-0.8081632653061225,0.0,0.43291666666666667,,,,,,,,,,,,,
llama3.1:8b,dui__multi_speaker,dui,multi_speaker,sae,0.06666666666666667,0.0,1.0,0.0,0.0,0.0,0.0,,,0.0,0.2,0.0,0.0,0.0,0.0,0.3541666666666667,,,,,,,,,,,,,
llama3.1:8b,dui__multi_speaker,dui,multi_speaker,aae,0.13333333333333333,0.0,1.0,0.0,0.5,0.5,0.0,,,0.0,0.0,0.0,0.0,-0.3333333333333333,0.0,0.3312820512820513,0.06666666666666667,0.0,0.0,0.0,0.5,0.5,0.0,0.0,-0.2,0.0,0.0,-0.3333333333333333,0.0
llama3.1:8b,dui__multi_speaker,dui,multi_speaker,sae_rh,0.14285714285714285,0.0,1.0,0.5,0.25,0.0,-0.25,1.0,,0.0,0.5,0.25,0.0,0.0,0.0,0.24464285714285713,,,,,,,,,,,,,
llama3.1:8b,financial__code_switched,financial,code_switched,sae,0.0,0.5,1.0,0.0,0.5,0.25,-0.25,,,0.0,0.6666666666666666,0.0,0.0,-0.11216853322116482,0.0,0.2604166666666667,,,,,,,,,,,,,
llama3.1:8b,financial__code_switched,financial,code_switched,aae,0.16666666666666666,0.5,1.0,0.0,0.5,0.25,-0.25,,,0.0,1.0,0.0,0.0,-0.8258884256501886,0.0,0.20200594706301064,0.16666666666666666,0.0,0.0,0.0,0.0,0.0,0.0,0.0,0.33333333333333337,0.0,0.0,-0.7137198924290238,0.0
llama3.1:8b,financial__code_switched,financial,code_switched,sae_rh,0.0,0.5,1.0,0.0,0.5,0.5,0.0,1.0,,0.0,1.0,0.0,0.0,-0.5355741262292812,0.0,0.175,,,,,,,,,,,,,
mistral:7b,property__multi_speaker,property,multi_speaker,sae,0.2727272727272727,0.0,1.0,1.0,0.0,0.3333333333333333,0.3333333333333333,,,0.0,0.15384615384615385,0.0,0.0,-0.352112676056338,0.23076923076923078,0.4080710955710956,,,,,,,,,,,,,
mistral:7b,property__multi_speaker,property,multi_speaker,aae,0.2,0.0,1.0,1.0,0.0,0.0,0.0,,,0.0,0.16666666666666666,0.0,0.0,-1.1303227927878554,0.08333333333333333,0.27331323794433643,-0.0727272727272727,0.0,0.0,0.0,0.0,-0.3333333333333333,-0.3333333333333333,0.0,0.012820512820512803,0.0,0.0,-0.7782101167315174,-0.14743589743589747
mistral:7b,property__multi_speaker,property,multi_speaker,sae_rh,0.2727272727272727,0.0,1.0,0.0,0.25,0.3333333333333333,0.08333333333333331,1.0,,0.0,0.0,0.0,0.0,-0.03710575139146566,0.23076923076923078,0.3418414918414918,,,,,,,,,,,,,
mistral:7b,property__clean,property,clean,sae,0.3,0.0,1.0,1.0,0.3333333333333333,0.5,0.16666666666666669,,,0.0,0.0,0.1,0.0,-0.12130298487120078,0.2,0.3916666666666667,,,,,,,,,,,,,
mistral:7b,property__clean,property,clean,aae,0.2222222222222222,0.0,1.0,1.0,0.3333333333333333,0.5,0.16666666666666669,,,0.0,0.18181818181818182,0.0,0.0,0.19613221780277051,0.18181818181818182,0.29801044184620534,-0.07777777777777778,0.0,0.0,0.0,0.0,0.0,0.0,0.0,0.18181818181818182,-0.1,0.0,0.3174352026739713,-0.018181818181818188
mistral:7b,property__clean,property,clean,sae_rh,0.3,0.0,1.0,1.0,0.0,0.0,0.0,1.0,,0.0,0.2727272727272727,0.09090909090909091,0.0,-0.411522633744856,0.09090909090909091,0.24681818181818183,,,,,,,,,,,,,
mistral:7b,property__code_switched,property,code_switched,sae,0.18181818181818182,0.0,1.0,0.0,0.3333333333333333,0.3333333333333333,0.0,,,0.0,0.08333333333333333,0.0,0.0,0.004705587100417186,0.08333333333333333,0.3812141228690582,,,,,,,,,,,,,
mistral:7b,property__code_switched,property,code_switched,aae,0.2,0.0,1.0,0.0,0.3333333333333333,0.3333333333333333,0.0,,,0.0,0.23076923076923078,0.0,0.0,-0.10716783611217656,0.07692307692307693,0.29513694454216255,0.018181818181818188,0.0,0.0,0.0,0.0,0.0,0.0,0.0,0.14743589743589747,0.0,0.0,-0.11187342321259375,-0.006410256410256401
mistral:7b,property__code_switched,property,code_switched,sae_rh,0.3333333333333333,0.0,1.0,0.0,0.3333333333333333,0.3333333333333333,0.0,1.0,,0.0,0.15384615384615385,0.0,0.0,0.35133287764866716,0.07692307692307693,0.3086415339046918,,,,,,,,,,,,,
mistral:7b,drug__clean,drug,clean,sae,0.4444444444444444,0.0,1.0,1.0,1.0,0.0,-1.0,,,0.0,0.18181818181818182,0.0,0.0,0.0,0.0,0.317550505050505,,,,,,,,,,,,,
mistral:7b,drug__clean,drug,clean,aae,0.0,0.0,1.0,1.0,0.3333333333333333,0.0,-0.3333333333333333,,,0.0,0.0,0.0,0.0,-0.5263157894736842,0.0,0.28824479613953297,-0.4444444444444444,0.0,0.0,0.0,-0.6666666666666667,0.0,0.6666666666666667,0.0,-0.18181818181818182,0.0,0.0,-0.5263157894736842,0.0
mistral:7b,drug__clean,drug,clean,sae_rh,0.0,0.0,1.0,0.0,0.0,0.0,0.0,1.0,,0.0,0.2,0.0,0.0,0.0,0.0,0.28,,,,,,,,,,,,,
mistral:7b,financial__clean,financial,clean,sae,0.16666666666666666,0.0,1.0,1.0,0.0,1.0,1.0,,,0.0,0.125,0.125,1.0,-1.3768115942028984,0.0,0.6276041666666667,,,,,,,,,,,,,
mistral:7b,financial__clean,financial,clean,aae,0.0,0.0,1.0,0.0,0.5,0.6666666666666666,0.16666666666666663,,,0.0,0.375,0.0,1.0,-0.9161065471745085,0.0,0.40228007764659063,-0.16666666666666666,0.0,0.0,-1.0,0.5,-0.33333333333333337,-0.8333333333333334,0.0,0.25,-0.125,0.0,0.46070504702839,0.0
mistral:7b,financial__clean,financial,clean,sae_rh,0.25,0.0,1.0,0.0,0.0,0.6666666666666666,0.6666666666666666,1.0,,0.0,0.45454545454545453,0.0,1.0,-0.8229098090849243,0.0,0.45037878787878793,,,,,,,,,,,,,
mistral:7b,dui__clean,dui,clean,sae,0.0,0.0,1.0,1.0,0.6666666666666666,1.0,0.33333333333333337,,,0.0,0.3333333333333333,0.1111111111111111,0.0,-0.4329004329004329,0.0,0.3611111111111111,,,,,,,,,,,,,
mistral:7b,dui__clean,dui,clean,aae,0.0,0.0,1.0,1.0,0.3333333333333333,0.0,-0.3333333333333333,,,0.0,0.4444444444444444,0.0,0.0,-0.4,0.0,0.24024975024975026,0.0,0.0,0.0,0.0,-0.3333333333333333,-1.0,-0.6666666666666667,0.0,0.1111111111111111,-0.1111111111111111,0.0,0.032900432900432874,0.0
mistral:7b,dui__clean,dui,clean,sae_rh,0.0,0.0,1.0,1.0,0.3333333333333333,0.0,-0.3333333333333333,1.0,,0.0,0.16666666666666666,0.16666666666666666,0.0,0.0,0.0,0.24166666666666667,,,,,,,,,,,,,
mistral:7b,traffic__multi_speaker,traffic,multi_speaker,sae,0.18181818181818182,0.0,1.0,1.0,0.3333333333333333,0.0,-0.3333333333333333,,,0.0,0.3333333333333333,0.0,0.0,0.38992869875222813,0.0,0.2870710784313726,,,,,,,,,,,,,
mistral:7b,traffic__multi_speaker,traffic,multi_speaker,aae,0.0,0.0,1.0,0.0,0.16666666666666666,0.0,-0.16666666666666666,,,0.0,0.15384615384615385,0.0,0.0,-0.36764705882352944,0.0,0.3223417608032993,-0.18181818181818182,0.0,0.0,-1.0,-0.16666666666666666,0.0,0.16666666666666666,0.0,-0.17948717948717946,0.0,0.0,-0.7575757575757576,0.0
mistral:7b,traffic__multi_speaker,traffic,multi_speaker,sae_rh,0.1,0.0,1.0,1.0,0.3333333333333333,0.0,-0.3333333333333333,1.0,,0.0,0.23076923076923078,0.0,0.0,-0.7169932540957276,0.0,0.23192307692307693,,,,,,,,,,,,,
mistral:7b,drug__multi_speaker,drug,multi_speaker,sae,0.4,0.0,1.0,1.0,0.25,0.0,-0.25,,,0.0,0.2,0.0,0.0,0.0,0.0,0.3125,,,,,,,,,,,,,
mistral:7b,drug__multi_speaker,drug,multi_speaker,aae,0.375,0.0,1.0,1.0,0.0,0.0,0.0,,,0.0,0.18181818181818182,0.0,0.0,0.0,0.0,0.2589248251748252,-0.025000000000000022,0.0,0.0,0.0,-0.25,0.0,0.25,0.0,-0.018181818181818188,0.0,0.0,0.0,0.0
mistral:7b,drug__multi_speaker,drug,multi_speaker,sae_rh,0.3,0.0,1.0,1.0,0.25,0.0,-0.25,0.0,,0.0,0.18181818181818182,0.0,0.0,0.0,0.0,0.44681818181818184,,,,,,,,,,,,,
mistral:7b,traffic__code_switched,traffic,code_switched,sae,0.09090909090909091,0.0,1.0,0.0,0.4,0.0,-0.4,,,0.0,0.3,0.0,0.0,-0.8576675849403121,0.0,0.34318181818181814,,,,,,,,,,,,,
mistral:7b,traffic__code_switched,traffic,code_switched,aae,0.0,0.0,1.0,0.0,0.2,1.0,0.8,,,0.0,0.5,0.0,0.0,0.06524575902566332,0.0,0.46624972581910384,-0.09090909090909091,0.0,0.0,0.0,-0.2,1.0,1.2000000000000002,0.0,0.2,0.0,0.0,0.9229133439659755,0.0
mistral:7b,traffic__code_switched,traffic,code_switched,sae_rh,0.0,0.0,1.0,0.0,0.2,0.0,-0.2,1.0,,0.0,0.23076923076923078,0.07692307692307693,0.0,0.04643962848297212,0.0,0.28123362705406046,,,,,,,,,,,,,
mistral:7b,financial__multi_speaker,financial,multi_speaker,sae,0.25,0.0,1.0,1.0,0.3333333333333333,0.5,0.16666666666666669,,,0.0,0.3333333333333333,0.0,1.0,-1.1193439093125614,0.0,0.39062500000000006,,,,,,,,,,,,,
mistral:7b,financial__multi_speaker,financial,multi_speaker,aae,0.25,0.0,1.0,0.0,0.0,0.25,0.25,,,0.0,0.4444444444444444,0.0,1.0,-1.5384615384615385,0.0,0.40185394643135186,0.0,0.0,0.0,-1.0,-0.3333333333333333,-0.25,0.08333333333333331,0.0,0.1111111111111111,0.0,0.0,-0.4191176291489771,0.0
mistral:7b,financial__multi_speaker,financial,multi_speaker,sae_rh,0.5,0.0,1.0,0.0,0.0,0.75,0.75,1.0,,0.0,0.25,0.0,0.0,-1.039607695209355,0.0,0.45000000000000007,,,,,,,,,,,,,
mistral:7b,financial__extended_interview,financial,extended_interview,sae,0.25,0.0,1.0,0.0,0.0,0.3333333333333333,0.3333333333333333,,,0.0,0.3333333333333333,0.0,0.0,-0.613962472406181,0.0,0.43229166666666663,,,,,,,,,,,,,
mistral:7b,financial__extended_interview,financial,extended_interview,aae,0.375,0.0,1.0,0.0,0.0,0.6666666666666666,0.6666666666666666,,,0.0,0.375,0.0,1.0,-1.6611295681063123,0.0,0.5088987245492328,0.125,0.0,0.0,0.0,0.0,0.3333333333333333,0.3333333333333333,0.0,0.041666666666666685,0.0,1.0,-1.0471670957001313,0.0
mistral:7b,financial__extended_interview,financial,extended_interview,sae_rh,0.4,0.0,1.0,0.0,0.0,0.3333333333333333,0.3333333333333333,1.0,,0.0,0.2727272727272727,0.0,1.0,-0.7777719583093281,0.0,0.4093939393939394,,,,,,,,,,,,,
mistral:7b,domestic_violence__multi_speaker,domestic_violence,multi_speaker,sae,0.3333333333333333,0.0,1.0,1.0,0.0,0.0,0.0,,,0.0,0.14285714285714285,0.0,0.0,-0.7594754287361292,0.0,0.3154761904761905,,,,,,,,,,,,,
mistral:7b,domestic_violence__multi_speaker,domestic_violence,multi_speaker,aae,0.375,0.0,1.0,0.33333333333333337,0.0,0.0,0.0,,,0.0,0.23076923076923078,0.0,0.0,-0.01701347991100638,0.0,0.30267883133441864,0.041666666666666685,0.0,0.0,-0.6666666666666666,0.0,0.0,0.0,0.0,0.08791208791208793,0.0,0.0,0.7424619488251227,0.0
mistral:7b,domestic_violence__multi_speaker,domestic_violence,multi_speaker,sae_rh,0.5,0.0,1.0,1.0,0.0,0.0,0.0,1.0,,0.0,0.13333333333333333,0.0,0.0,-0.013406132696338946,0.0,0.2616666666666667,,,,,,,,,,,,,
mistral:7b,traffic__extended_interview,traffic,extended_interview,sae,0.1,0.0,1.0,1.0,0.3333333333333333,1.0,nan,,,0.0,0.4,0.0,0.0,-0.6389776357827476,0.0,0.26875000000000004,,,,,,,,,,,,,
mistral:7b,traffic__extended_interview,traffic,extended_interview,aae,0.1,0.0,1.0,0.0,0.16666666666666666,1.0,nan,,,0.0,0.125,0.0,0.0,-0.6389776357827476,0.0,0.49250000000000005,0.0,0.0,0.0,-1.0,-0.16666666666666666,0.0,nan,0.0,-0.275,0.0,0.0,0.0,0.0
mistral:7b,traffic__extended_interview,traffic,extended_interview,sae_rh,0.15384615384615385,0.0,1.0,0.0,0.16666666666666666,1.0,nan,1.0,,0.0,0.3333333333333333,0.0,0.0,-0.6191950464396285,0.0,0.2743589743589744,,,,,,,,,,,,,
mistral:7b,dui__extended_interview,dui,extended_interview,sae,0.0,0.0,1.0,1.0,0.25,1.0,0.75,,,0.0,0.3,0.0,0.0,-0.33003300330033003,0.0,0.4625,,,,,,,,,,,,,
mistral:7b,dui__extended_interview,dui,extended_interview,aae,0.06666666666666667,0.0,1.0,1.0,0.25,1.0,0.75,,,0.0,0.3,0.0,0.0,-0.7004033736707004,0.0,0.3800569800569801,0.06666666666666667,0.0,0.0,0.0,0.0,0.0,0.0,0.0,0.0,0.0,0.0,-0.37037037037037035,0.0
mistral:7b,dui__extended_interview,dui,extended_interview,sae_rh,0.0,0.0,1.0,1.0,0.0,1.0,1.0,0.0,,0.0,0.09090909090909091,0.0,0.0,0.0040830908998111815,0.0,0.6409499218180891,,,,,,,,,,,,,
mistral:7b,domestic_violence__clean,domestic_violence,clean,sae,0.4,0.0,1.0,0.5,0.0,0.0,0.0,,,0.0,0.21428571428571427,0.0,0.0,-0.46296296296296297,0.0,0.3419642857142857,,,,,,,,,,,,,
mistral:7b,domestic_violence__clean,domestic_violence,clean,aae,0.4,0.0,1.0,0.5,0.3333333333333333,0.0,-0.3333333333333333,,,0.0,0.3333333333333333,0.0,0.0,-0.07834757834757833,0.0,0.2796717385178924,0.0,0.0,0.0,0.0,0.3333333333333333,0.0,-0.3333333333333333,0.0,0.11904761904761904,0.0,0.0,0.38461538461538464,0.0
mistral:7b,domestic_violence__clean,domestic_violence,clean,sae_rh,0.25,0.0,1.0,0.5,0.0,0.25,0.25,0.0,,0.0,0.1875,0.0,0.0,-0.4329004329004329,0.0,0.51875,,,,,,,,,,,,,
mistral:7b,property__extended_interview,property,extended_interview,sae,0.25,0.0,1.0,0.0,0.25,0.5,0.25,,,0.0,0.2727272727272727,0.0,0.0,-0.2775467775467776,0.18181818181818182,0.4303977272727272,,,,,,,,,,,,,
mistral:7b,property__extended_interview,property,extended_interview,aae,0.23076923076923078,0.0,1.0,1.0,0.0,0.5,0.5,,,0.0,0.08333333333333333,0.0,0.0,-0.6153846153846154,0.08333333333333333,0.39037098556329325,-0.019230769230769218,0.0,0.0,1.0,-0.25,0.0,0.25,0.0,-0.1893939393939394,0.0,0.0,-0.33783783783783783,-0.0984848484848485
mistral:7b,property__extended_interview,property,extended_interview,sae_rh,0.3076923076923077,0.0,1.0,1.0,0.25,0.5,0.25,1.0,,0.0,0.0,0.0,0.0,-0.2509941641274597,0.09090909090909091,0.3199300699300699,,,,,,,,,,,,,
mistral:7b,traffic__clean,traffic,clean,sae,0.18181818181818182,0.0,1.0,0.0,0.4,1.0,nan,,,0.0,0.3076923076923077,0.0,0.0,-0.08971190629337489,0.0,0.34790209790209786,,,,,,,,,,,,,
mistral:7b,traffic__clean,traffic,clean,aae,0.0,0.0,1.0,0.0,0.4,1.0,nan,,,0.0,0.5555555555555556,0.1111111111111111,0.0,0.04379696648379505,0.0,0.450437969664838,-0.18181818181818182,0.0,0.0,0.0,0.0,0.0,nan,0.0,0.24786324786324787,0.1111111111111111,0.0,0.13350887277716994,0.0
mistral:7b,traffic__clean,traffic,clean,sae_rh,0.1111111111111111,0.0,1.0,0.0,0.2,1.0,nan,1.0,,0.0,0.4,0.0,0.0,-0.4366812227074236,0.0,0.2655555555555556,,,,,,,,,,,,,
mistral:7b,drug__extended_interview,drug,extended_interview,sae,0.2727272727272727,0.0,1.0,1.0,0.5,0.0,-0.5,,,0.0,0.1,0.0,0.0,0.015460729746444024,0.0,0.3172387136672851,,,,,,,,,,,,,
mistral:7b,drug__extended_interview,drug,extended_interview,aae,0.2,0.0,1.0,1.0,0.0,0.0,0.0,,,0.0,0.3333333333333333,0.0,0.0,-0.3246753246753247,0.0,0.2519927691356263,-0.0727272727272727,0.0,0.0,0.0,-0.5,0.0,0.5,0.0,0.2333333333333333,0.0,0.0,-0.3401360544217687,0.0
mistral:7b,drug__extended_interview,drug,extended_interview,sae_rh,0.2222222222222222,0.0,1.0,1.0,0.5,0.0,-0.5,1.0,,0.0,0.07142857142857142,0.0,0.0,0.0790985202492212,0.0,0.25475923917074617,,,,,,,,,,,,,
mistral:7b,domestic_violence__extended_interview,domestic_violence,extended_interview,sae,0.1111111111111111,0.5,1.0,1.0,0.5,0.5,0.0,,,0.0,0.5,0.0,0.0,-0.6430868167202572,0.0,0.22569444444444445,,,,,,,,,,,,,
mistral:7b,domestic_violence__extended_interview,domestic_violence,extended_interview,aae,0.16666666666666666,0.5,1.0,0.5,0.5,0.5,0.0,,,0.0,0.16666666666666666,0.0,0.0,-0.6430868167202572,0.0,0.2553418803418803,0.05555555555555555,0.0,0.0,-0.5,0.0,0.0,0.0,0.0,-0.33333333333333337,0.0,0.0,0.0,0.0
mistral:7b,domestic_violence__extended_interview,domestic_violence,extended_interview,sae_rh,0.2727272727272727,1.0,1.0,0.6666666666666667,0.25,0.5,0.25,0.0,,0.0,0.2222222222222222,0.0,0.0,-0.6134969325153374,0.0,0.4580808080808081,,,,,,,,,,,,,
mistral:7b,dui__code_switched,dui,code_switched,sae,0.0,0.0,1.0,1.0,0.3333333333333333,0.5,0.16666666666666669,,,0.0,0.2727272727272727,0.0,0.0,0.0,0.0,0.32007575757575757,,,,,,,,,,,,,
mistral:7b,dui__code_switched,dui,code_switched,aae,0.2,0.0,1.0,1.0,0.3333333333333333,0.5,0.16666666666666669,,,0.0,0.2,0.0,0.0,0.0,0.0,0.27752913752913755,0.2,0.0,0.0,0.0,0.0,0.0,0.0,0.0,-0.0727272727272727,0.0,0.0,0.0,0.0
mistral:7b,dui__code_switched,dui,code_switched,sae_rh,0.0,0.0,1.0,1.0,0.3333333333333333,0.0,-0.3333333333333333,1.0,,0.0,0.3125,0.0625,0.0,0.3663003663003663,0.0,0.2255380036630037,,,,,,,,,,,,,
mistral:7b,drug__code_switched,drug,code_switched,sae,0.4444444444444444,1.0,1.0,1.0,0.6666666666666666,0.0,-0.6666666666666666,,,0.0,0.18181818181818182,0.0,0.0,0.0,0.0,0.255050505050505,,,,,,,,,,,,,
mistral:7b,drug__code_switched,drug,code_switched,aae,0.4,1.0,1.0,1.0,0.3333333333333333,0.0,-0.3333333333333333,,,0.0,0.15384615384615385,0.0,0.0,0.0,0.0,0.21598589444743294,-0.0444444444444444,0.0,0.0,0.0,-0.3333333333333333,0.0,0.3333333333333333,0.0,-0.02797202797202797,0.0,0.0,0.0,0.0
mistral:7b,drug__code_switched,drug,code_switched,sae_rh,0.375,0.0,1.0,1.0,0.0,0.0,0.0,1.0,,0.0,0.3333333333333333,0.0,0.0,0.49261083743842365,0.0,0.24034277504105092,,,,,,,,,,,,,
mistral:7b,domestic_violence__code_switched,domestic_violence,code_switched,sae,0.25,0.0,1.0,0.0,0.0,0.0,0.0,,,0.0,0.2,0.0,0.0,-0.4166666666666667,0.0,0.36562500000000003,,,,,,,,,,,,,
mistral:7b,domestic_violence__code_switched,domestic_violence,code_switched,aae,0.2857142857142857,0.0,1.0,0.5,0.3333333333333333,0.0,-0.3333333333333333,,,0.0,0.36363636363636365,0.0,0.0,0.07352941176470584,0.0,0.2822145011850894,0.0357142857142857,0.0,0.0,0.5,0.3333333333333333,0.0,-0.3333333333333333,0.0,0.16363636363636364,0.0,0.0,0.49019607843137253,0.0
mistral:7b,domestic_violence__code_switched,domestic_violence,code_switched,sae_rh,0.2857142857142857,0.0,1.0,0.0,0.3333333333333333,0.2,-0.1333333333333333,0.0,,0.0,0.14285714285714285,0.0,0.0,-0.0402877697841727,0.0,0.5,,,,,,,,,,,,,
mistral:7b,dui__multi_speaker,dui,multi_speaker,sae,0.09090909090909091,0.0,1.0,0.0,0.0,0.5,0.5,,,0.0,0.08333333333333333,0.08333333333333333,0.0,0.0,0.0,0.5004734848484848,,,,,,,,,,,,,
mistral:7b,dui__multi_speaker,dui,multi_speaker,aae,0.07142857142857142,0.0,1.0,1.0,0.0,0.5,0.5,,,0.0,0.2727272727272727,0.09090909090909091,0.0,0.0,0.0,0.34955877455877454,-0.019480519480519487,0.0,0.0,1.0,0.0,0.0,0.0,0.0,0.1893939393939394,0.007575757575757583,0.0,0.0,0.0
mistral:7b,dui__multi_speaker,dui,multi_speaker,sae_rh,0.0,0.0,1.0,0.0,0.0,0.0,0.0,0.0,,0.0,0.0,0.08333333333333333,0.0,0.7142857142857142,0.0,0.5113095238095239,,,,,,,,,,,,,
mistral:7b,financial__code_switched,financial,code_switched,sae,0.0,0.0,1.0,0.0,0.0,0.25,0.25,,,0.0,0.5833333333333334,0.0,1.0,-0.8582392861868844,0.0,0.4270833333333333,,,,,,,,,,,,,
mistral:7b,financial__code_switched,financial,code_switched,aae,0.2,0.0,1.0,0.0,0.0,0.5,0.5,,,0.0,0.4444444444444444,0.0,1.0,-1.2416179969716634,0.0,0.434359672473612,0.2,0.0,0.0,0.0,0.0,0.25,0.25,0.0,-0.13888888888888895,0.0,0.0,-0.38337871078477903,0.0
mistral:7b,financial__code_switched,financial,code_switched,sae_rh,0.14285714285714285,0.0,1.0,0.0,0.0,0.5,0.5,0.0,,0.0,0.4,0.2,1.0,-1.6528925619834711,0.0,0.6271428571428572,,,,,,,,,,,,,
qwen2.5:7b,property__multi_speaker,property,multi_speaker,sae,0.2857142857142857,0.0,1.0,1.0,0.75,0.0,-0.75,,,0.0,0.3333333333333333,0.0,0.0,-0.5830595582734281,0.16666666666666666,0.29910714285714285,,,,,,,,,,,,,
qwen2.5:7b,property__multi_speaker,property,multi_speaker,aae,0.3333333333333333,0.0,1.0,1.0,0.5,0.6666666666666666,0.16666666666666663,,,0.0,0.375,0.0,0.0,-0.352112676056338,0.125,0.30252280917696617,0.047619047619047616,0.0,0.0,0.0,-0.25,0.6666666666666666,0.9166666666666666,0.0,0.041666666666666685,0.0,0.0,0.23094688221709014,-0.04166666666666666
qwen2.5:7b,property__multi_speaker,property,multi_speaker,sae_rh,0.08333333333333333,0.0,1.0,1.0,0.0,0.3333333333333333,0.3333333333333333,1.0,,0.0,0.625,0.0,0.0,-0.03893123514466024,0.375,0.27708333333333335,,,,,,,,,,,,,
qwen2.5:7b,property__clean,property,clean,sae,0.2222222222222222,0.0,1.0,1.0,0.3333333333333333,0.5,0.16666666666666669,,,0.0,1.0,0.0,0.0,-0.12325612894487342,0.25,0.2586805555555556,,,,,,,,,,,,,
qwen2.5:7b,property__clean,property,clean,aae,0.3333333333333333,0.0,1.0,1.0,0.6666666666666666,0.5,-0.16666666666666663,,,0.0,0.5384615384615384,0.0,0.0,-0.43478260869565216,0.07692307692307693,0.243188507315035,0.1111111111111111,0.0,0.0,0.0,0.3333333333333333,0.0,-0.3333333333333333,0.0,-0.46153846153846156,0.0,0.0,-0.31152647975077874,-0.17307692307692307
qwen2.5:7b,property__clean,property,clean,sae_rh,0.18181818181818182,0.0,1.0,1.0,0.3333333333333333,0.5,0.16666666666666669,1.0,,0.0,0.8,0.0,0.0,0.1767126603727911,0.2,0.22419136902797038,,,,,,,,,,,,,
qwen2.5:7b,property__code_switched,property,code_switched,sae,0.16666666666666666,0.0,1.0,1.0,0.3333333333333333,0.3333333333333333,0.0,,,0.0,0.3333333333333333,0.0,0.0,-0.1480005417013291,0.08333333333333333,0.2864583333333333,,,,,,,,,,,,,
qwen2.5:7b,property__code_switched,property,code_switched,aae,0.125,1.0,1.0,1.0,0.6666666666666666,0.6666666666666666,0.0,,,0.0,0.5833333333333334,0.0,0.0,0.060844667143879705,0.25,0.19693042424341636,-0.04166666666666666,1.0,0.0,0.0,0.3333333333333333,0.3333333333333333,0.0,0.0,0.25000000000000006,0.0,0.0,0.2088452088452088,0.16666666666666669
qwen2.5:7b,property__code_switched,property,code_switched,sae_rh,0.125,1.0,1.0,1.0,0.3333333333333333,0.0,-0.3333333333333333,1.0,,0.0,0.7142857142857143,0.0,0.0,0.16169455897809037,0.14285714285714285,0.14358123130406658,,,,,,,,,,,,,
qwen2.5:7b,drug__clean,drug,clean,sae,0.1111111111111111,0.0,1.0,1.0,0.3333333333333333,1.0,0.6666666666666667,,,0.0,0.47368421052631576,0.0,0.0,0.0,0.0,0.4269005847953216,,,,,,,,,,,,,
qwen2.5:7b,drug__clean,drug,clean,aae,0.45454545454545453,1.0,1.0,0.0,0.3333333333333333,1.0,0.6666666666666667,,,0.0,0.5,0.0,0.0,0.2976190476190476,0.0,0.40007324546798234,0.3434343434343434,1.0,0.0,-1.0,0.0,0.0,0.0,0.0,0.026315789473684237,0.0,0.0,0.2976190476190476,0.0
qwen2.5:7b,drug__clean,drug,clean,sae_rh,0.1,1.0,1.0,0.0,1.0,1.0,0.0,1.0,,0.0,0.375,0.0,0.0,0.625,0.0,0.22375000000000003,,,,,,,,,,,,,
qwen2.5:7b,financial__clean,financial,clean,sae,0.1111111111111111,0.0,1.0,0.0,0.5,1.0,0.5,,,0.0,0.8,0.0,0.0,0.028417163967036085,0.0,0.4072996589940323,,,,,,,,,,,,,
qwen2.5:7b,financial__clean,financial,clean,aae,0.125,1.0,1.0,1.0,1.0,0.6666666666666666,-0.33333333333333337,,,0.0,0.75,0.25,0.0,-0.40328603435399546,0.0,0.21163090390579364,0.013888888888888895,1.0,0.0,1.0,0.5,-0.33333333333333337,-0.8333333333333334,0.0,-0.050000000000000044,0.25,0.0,-0.43170319832103154,0.0
qwen2.5:7b,financial__clean,financial,clean,sae_rh,0.16666666666666666,0.0,1.0,0.0,0.5,0.6666666666666666,0.16666666666666663,1.0,,0.0,0.75,0.0,0.0,0.053700997839471576,0.0,0.2672036766450614,,,,,,,,,,,,,
qwen2.5:7b,dui__clean,dui,clean,sae,0.058823529411764705,0.0,1.0,1.0,0.6666666666666666,1.0,0.33333333333333337,,,0.0,1.0,0.0,0.0,0.0,0.0,0.27450980392156865,,,,,,,,,,,,,
qwen2.5:7b,dui__clean,dui,clean,aae,0.23529411764705882,0.0,1.0,1.0,0.6666666666666666,1.0,0.33333333333333337,,,0.0,0.375,0.125,0.0,0.0,0.0,0.311434766214178,0.1764705882352941,0.0,0.0,0.0,0.0,0.0,0.0,0.0,-0.625,0.125,0.0,0.0,0.0
qwen2.5:7b,dui__clean,dui,clean,sae_rh,0.14285714285714285,1.0,1.0,1.0,0.3333333333333333,1.0,0.6666666666666667,1.0,,0.0,0.0,0.5,0.0,0.0,0.0,0.36547619047619045,,,,,,,,,,,,,
qwen2.5:7b,traffic__multi_speaker,traffic,multi_speaker,sae,0.1,0.0,1.0,1.0,0.3333333333333333,1.0,0.6666666666666667,,,0.0,0.5,0.0,0.0,-0.014290168364165468,0.0,0.42291666666666666,,,,,,,,,,,,,
qwen2.5:7b,traffic__multi_speaker,traffic,multi_speaker,aae,0.07692307692307693,0.0,1.0,1.0,0.3333333333333333,0.0,-0.3333333333333333,,,0.0,0.45454545454545453,0.0,0.0,-0.05119136262099777,0.0,0.24078288012681304,-0.023076923076923078,0.0,0.0,0.0,0.0,-1.0,-1.0,0.0,-0.04545454545454547,0.0,0.0,-0.036901194256832304,0.0
qwen2.5:7b,traffic__multi_speaker,traffic,multi_speaker,sae_rh,0.058823529411764705,0.0,1.0,1.0,0.16666666666666666,0.0,-0.16666666666666666,1.0,,0.0,0.2857142857142857,0.0,0.0,-0.35335689045936397,0.0,0.2243697478991597,,,,,,,,,,,,,
qwen2.5:7b,drug__multi_speaker,drug,multi_speaker,sae,0.18181818181818182,0.0,1.0,1.0,1.0,1.0,0.0,,,0.0,0.26666666666666666,0.0,0.0,0.43859649122807015,0.0,0.2960127591706539,,,,,,,,,,,,,
qwen2.5:7b,drug__multi_speaker,drug,multi_speaker,aae,0.1111111111111111,0.0,1.0,0.0,0.5,1.0,0.5,,,0.0,0.3333333333333333,0.0,0.0,0.21141649048625794,0.0,0.4107141369442471,-0.07070707070707072,0.0,0.0,-1.0,-0.5,0.0,0.5,0.0,0.06666666666666665,0.0,0.0,-0.22718000074181222,0.0
qwen2.5:7b,drug__multi_speaker,drug,multi_speaker,sae_rh,0.18181818181818182,0.0,1.0,1.0,0.5,0.5,0.0,1.0,,0.0,0.45454545454545453,0.0,0.0,-0.29850746268656714,0.0,0.21363636363636365,,,,,,,,,,,,,
qwen2.5:7b,traffic__code_switched,traffic,code_switched,sae,0.07142857142857142,0.0,1.0,1.0,0.0,0.0,0.0,,,0.0,0.5,0.0,0.0,0.1438799235709846,0.0,0.25626278475892306,,,,,,,,,,,,,
qwen2.5:7b,traffic__code_switched,traffic,code_switched,aae,0.06666666666666667,0.0,1.0,1.0,0.2,1.0,0.8,,,0.0,0.5,0.0,0.0,0.07817735090462363,0.0,0.3959684064951222,-0.004761904761904759,0.0,0.0,0.0,0.2,1.0,0.8,0.0,0.0,0.0,0.0,-0.06570257266636098,0.0
qwen2.5:7b,traffic__code_switched,traffic,code_switched,sae_rh,0.3,1.0,1.0,1.0,0.2,1.0,0.8,1.0,,0.0,0.8333333333333334,0.0,0.0,-0.39215686274509803,0.0,0.2916666666666667,,,,,,,,,,,,,
qwen2.5:7b,financial__multi_speaker,financial,multi_speaker,sae,0.16666666666666666,0.5,1.0,0.0,0.3333333333333333,0.25,-0.08333333333333331,,,0.0,0.5,0.16666666666666666,0.0,-0.5147553449738236,0.0,0.30208333333333337,,,,,,,,,,,,,
qwen2.5:7b,financial__multi_speaker,financial,multi_speaker,aae,0.0,0.0,1.0,1.0,0.3333333333333333,0.75,0.4166666666666667,,,0.0,0.8571428571428571,0.0,0.0,-0.9686609686609688,0.0,0.3036864601446374,-0.16666666666666666,-0.5,0.0,1.0,0.0,0.5,0.5,0.0,0.3571428571428571,-0.16666666666666666,0.0,-0.45390562368714527,0.0
qwen2.5:7b,financial__multi_speaker,financial,multi_speaker,sae_rh,0.16666666666666666,0.5,1.0,1.0,0.6666666666666666,0.75,0.08333333333333337,1.0,,0.0,0.3333333333333333,0.16666666666666666,0.0,-0.9915824915824917,0.0,0.22500000000000006,,,,,,,,,,,,,
qwen2.5:7b,financial__extended_interview,financial,extended_interview,sae,0.2,0.5,1.0,1.0,0.3333333333333333,0.6666666666666666,0.3333333333333333,,,0.0,0.8,0.0,0.0,-0.3267254845877978,0.0,0.27708333333333335,,,,,,,,,,,,,
qwen2.5:7b,financial__extended_interview,financial,extended_interview,aae,0.0,1.0,1.0,0.0,0.3333333333333333,1.0,0.6666666666666667,,,0.0,0.6363636363636364,0.09090909090909091,0.0,-1.1191241480521117,0.0,0.3767595132374464,-0.2,0.5,0.0,-1.0,0.0,0.33333333333333337,0.3333333333333334,0.0,-0.1636363636363637,0.09090909090909091,0.0,-0.7923986634643139,0.0
qwen2.5:7b,financial__extended_interview,financial,extended_interview,sae_rh,0.1111111111111111,1.0,1.0,1.0,0.6666666666666666,0.3333333333333333,-0.3333333333333333,1.0,,0.0,0.5714285714285714,0.0,0.0,-0.6757851032817539,0.0,0.1484126984126984,,,,,,,,,,,,,
qwen2.5:7b,domestic_violence__multi_speaker,domestic_violence,multi_speaker,sae,0.3,0.5,1.0,0.0,0.0,0.8,0.8,,,0.0,0.5714285714285714,0.0,0.0,-0.37037037037037035,0.0,0.4910714285714285,,,,,,,,,,,,,
qwen2.5:7b,domestic_violence__multi_speaker,domestic_violence,multi_speaker,aae,0.1111111111111111,0.0,1.0,0.0,0.5,0.8,0.30000000000000004,,,0.0,0.45454545454545453,0.0,0.0,-0.6496999793089178,0.0,0.35217949648117247,-0.18888888888888888,-0.5,0.0,0.0,0.5,0.0,-0.5,0.0,-0.11688311688311687,0.0,0.0,-0.2793296089385474,0.0
qwen2.5:7b,domestic_violence__multi_speaker,domestic_violence,multi_speaker,sae_rh,0.3333333333333333,0.0,1.0,0.5,0.5,0.6,0.09999999999999998,1.0,,0.0,0.2,0.0,0.0,-0.35587188612099646,0.0,0.29166666666666663,,,,,,,,,,,,,
qwen2.5:7b,traffic__extended_interview,traffic,extended_interview,sae,0.17647058823529413,0.0,1.0,1.0,0.16666666666666666,1.0,nan,,,0.0,0.5,0.0,0.0,-0.6389776357827476,0.0,0.2610294117647059,,,,,,,,,,,,,
qwen2.5:7b,traffic__extended_interview,traffic,extended_interview,aae,0.21052631578947367,0.0,1.0,1.0,0.16666666666666666,1.0,nan,,,0.0,0.2,0.0,0.0,-0.3962591891808058,0.0,0.4405263157894737,0.03405572755417954,0.0,0.0,0.0,0.0,0.0,nan,0.0,-0.3,0.0,0.0,0.24271844660194175,0.0
qwen2.5:7b,traffic__extended_interview,traffic,extended_interview,sae_rh,0.0,0.0,1.0,1.0,0.16666666666666666,1.0,nan,1.0,,0.0,0.5,0.0,0.0,-0.28806921862505896,0.0,0.2,,,,,,,,,,,,,
qwen2.5:7b,dui__extended_interview,dui,extended_interview,sae,0.14814814814814814,1.0,1.0,1.0,0.25,1.0,0.75,,,0.0,0.3,0.0,0.0,-0.33003300330033003,0.0,0.4092592592592592,,,,,,,,,,,,,
qwen2.5:7b,dui__extended_interview,dui,extended_interview,aae,0.11764705882352941,0.0,1.0,1.0,0.0,1.0,1.0,,,0.0,0.25,0.25,0.0,-0.6474933207606475,0.0,0.47642791304556015,-0.03050108932461873,-1.0,0.0,0.0,-0.25,0.0,0.25,0.0,-0.04999999999999999,0.25,0.0,-0.31746031746031744,0.0
qwen2.5:7b,dui__extended_interview,dui,extended_interview,sae_rh,0.0625,0.0,1.0,1.0,0.25,1.0,0.75,1.0,,0.0,0.6,0.0,0.0,-0.31746031746031744,0.0,0.34312499999999996,,,,,,,,,,,,,
qwen2.5:7b,domestic_violence__clean,domestic_violence,clean,sae,0.4444444444444444,0.0,1.0,0.0,0.3333333333333333,1.0,0.6666666666666667,,,0.0,0.2,0.0,0.0,-0.17560664112388252,0.0,0.5444444444444444,,,,,,,,,,,,,
qwen2.5:7b,domestic_violence__clean,domestic_violence,clean,aae,0.25,0.0,1.0,0.5,0.0,1.0,1.0,,,0.0,0.6,0.0,0.0,-0.14948333913851153,0.0,0.4549959140476382,-0.19444444444444442,0.0,0.0,0.5,-0.3333333333333333,0.0,0.33333333333333326,0.0,0.39999999999999997,0.0,0.0,0.026123301985370995,0.0
qwen2.5:7b,domestic_violence__clean,domestic_violence,clean,sae_rh,0.1111111111111111,0.5,1.0,0.0,0.3333333333333333,0.5,0.16666666666666669,1.0,,0.0,0.4444444444444444,0.0,0.0,-0.7618478013214856,0.0,0.2694444444444445,,,,,,,,,,,,,
qwen2.5:7b,property__extended_interview,property,extended_interview,sae,0.25,0.0,1.0,1.0,0.5,0.5,0.0,,,0.0,0.5,0.0,0.0,-0.30530709600477046,0.16666666666666666,0.2760416666666667,,,,,,,,,,,,,
qwen2.5:7b,property__extended_interview,property,extended_interview,aae,0.4117647058823529,0.0,1.0,1.0,0.25,0.0,-0.25,,,0.0,0.4,0.0,0.0,-0.39560439560439564,0.2,0.2619020097374301,0.16176470588235292,0.0,0.0,0.0,-0.25,-0.5,-0.25,0.0,-0.09999999999999998,0.0,0.0,-0.09029729959962518,0.033333333333333354
qwen2.5:7b,property__extended_interview,property,extended_interview,sae_rh,0.21428571428571427,0.0,1.0,1.0,0.25,0.5,0.25,1.0,,0.0,0.3333333333333333,0.0,0.0,0.28794082683925504,0.16666666666666666,0.2885936939826783,,,,,,,,,,,,,
qwen2.5:7b,traffic__clean,traffic,clean,sae,0.13333333333333333,0.0,1.0,1.0,0.4,1.0,nan,,,0.0,0.3333333333333333,0.0,0.0,-0.45871559633027525,0.0,0.2791666666666667,,,,,,,,,,,,,
qwen2.5:7b,traffic__clean,traffic,clean,aae,0.08333333333333333,0.0,1.0,1.0,0.2,1.0,nan,,,0.0,0.16666666666666666,0.0,0.0,-0.04204892966360857,0.0,0.43749999999999994,-0.05,0.0,0.0,0.0,-0.2,0.0,nan,0.0,-0.16666666666666666,0.0,0.0,0.4166666666666667,0.0
qwen2.5:7b,traffic__clean,traffic,clean,sae_rh,0.15384615384615385,0.0,1.0,1.0,0.2,1.0,nan,1.0,,0.0,0.4,0.0,0.0,0.2905915045653037,0.0,0.22059822273796073,,,,,,,,,,,,,
qwen2.5:7b,drug__extended_interview,drug,extended_interview,sae,0.06666666666666667,0.0,1.0,0.0,0.5,1.0,0.5,,,0.0,0.3333333333333333,0.0,0.0,-0.1009616781428862,0.0,0.4625,,,,,,,,,,,,,
qwen2.5:7b,drug__extended_interview,drug,extended_interview,aae,0.125,1.0,1.0,0.0,0.0,1.0,1.0,,,0.0,0.6363636363636364,0.0,0.0,0.3289194465665054,0.0,0.43884505792273265,0.058333333333333334,1.0,0.0,0.0,-0.5,0.0,0.5,0.0,0.30303030303030304,0.0,0.0,0.4298811247093916,0.0
qwen2.5:7b,drug__extended_interview,drug,extended_interview,sae_rh,0.2777777777777778,1.0,1.0,1.0,0.5,1.0,0.5,1.0,,0.0,0.0,0.0,0.0,-0.075119860365436,0.0,0.31388888888888894,,,,,,,,,,,,,
qwen2.5:7b,domestic_violence__extended_interview,domestic_violence,extended_interview,sae,0.2857142857142857,0.5,1.0,0.5,0.5,0.75,0.25,,,0.0,0.2,0.0,0.0,-0.14680890108750289,0.0,0.3678571428571429,,,,,,,,,,,,,
qwen2.5:7b,domestic_violence__extended_interview,domestic_violence,extended_interview,aae,0.2,0.0,1.0,0.5,0.25,1.0,0.75,,,0.0,0.42857142857142855,0.0,0.0,-0.3549023786799114,0.0,0.42325638317175135,-0.08571428571428569,-0.5,0.0,0.0,-0.25,0.25,0.5,0.0,0.22857142857142854,0.0,0.0,-0.20809347759240854,0.0
qwen2.5:7b,domestic_violence__extended_interview,domestic_violence,extended_interview,sae_rh,0.2727272727272727,0.5,1.0,0.5,0.25,1.0,0.75,1.0,,0.0,0.2857142857142857,0.0,0.0,-0.3149894698287703,0.0,0.3850649350649351,,,,,,,,,,,,,
qwen2.5:7b,dui__code_switched,dui,code_switched,sae,0.14285714285714285,0.0,1.0,0.0,0.3333333333333333,1.0,0.6666666666666667,,,0.0,0.5,0.0,0.0,0.0,0.0,0.48809523809523814,,,,,,,,,,,,,
qwen2.5:7b,dui__code_switched,dui,code_switched,aae,0.06666666666666667,1.0,1.0,1.0,0.3333333333333333,0.5,0.16666666666666669,,,0.0,0.5,0.125,0.0,-0.31446540880503143,0.0,0.2470036802819822,-0.07619047619047618,1.0,0.0,1.0,0.0,-0.5,-0.5,0.0,0.0,0.125,0.0,-0.31446540880503143,0.0
qwen2.5:7b,dui__code_switched,dui,code_switched,sae_rh,0.10526315789473684,1.0,1.0,1.0,0.3333333333333333,0.5,0.16666666666666669,1.0,,0.0,0.5,0.16666666666666666,0.0,0.2785515320334262,0.0,0.19971533988173779,,,,,,,,,,,,,
qwen2.5:7b,drug__code_switched,drug,code_switched,sae,0.2,0.0,1.0,0.0,0.6666666666666666,0.0,-0.6666666666666666,,,0.0,0.5,0.0,0.0,0.0,0.0,0.325,,,,,,,,,,,,,
qwen2.5:7b,drug__code_switched,drug,code_switched,aae,0.1,0.0,1.0,1.0,0.3333333333333333,0.5,0.16666666666666669,,,0.0,0.4166666666666667,0.0,0.0,0.0,0.0,0.2905128205128205,-0.1,0.0,0.0,1.0,-0.3333333333333333,0.5,0.8333333333333333,0.0,-0.08333333333333331,0.0,0.0,0.0,0.0
qwen2.5:7b,drug__code_switched,drug,code_switched,sae_rh,0.09090909090909091,0.0,1.0,1.0,0.6666666666666666,0.5,-0.16666666666666663,1.0,,0.0,0.5,0.0,0.0,0.0,0.0,0.20454545454545456,,,,,,,,,,,,,
qwen2.5:7b,domestic_violence__code_switched,domestic_violence,code_switched,sae,0.0,0.0,1.0,0.5,0.0,0.6,0.6,,,0.0,0.5,0.0,0.0,0.33805031446540884,0.0,0.4354756289308176,,,,,,,,,,,,,
qwen2.5:7b,domestic_violence__code_switched,domestic_violence,code_switched,aae,0.125,0.0,1.0,0.0,0.6666666666666666,0.8,0.13333333333333341,,,0.0,0.75,0.0,0.0,-0.09199134199134201,0.0,0.29850705112497566,0.125,0.0,0.0,-0.5,0.6666666666666666,0.20000000000000007,-0.46666666666666656,0.0,0.25,0.0,0.0,-0.43004165645675085,0.0
qwen2.5:7b,domestic_violence__code_switched,domestic_violence,code_switched,sae_rh,0.25,0.5,1.0,0.5,0.3333333333333333,0.6,0.26666666666666666,1.0,,0.0,0.0,0.0,0.0,0.304225352112676,0.0,0.3188755868544601,,,,,,,,,,,,,
qwen2.5:7b,dui__multi_speaker,dui,multi_speaker,sae,0.13333333333333333,0.0,1.0,0.5,0.25,0.0,-0.25,,,0.0,0.2222222222222222,0.2222222222222222,0.0,-0.5586592178770949,0.0,0.3381944444444444,,,,,,,,,,,,,
qwen2.5:7b,dui__multi_speaker,dui,multi_speaker,aae,0.058823529411764705,0.0,1.0,1.0,0.25,0.5,0.25,,,0.0,0.5,0.0,0.0,-0.3125,0.0,0.2886437768059523,-0.07450980392156863,0.0,0.0,0.5,0.0,0.5,0.5,0.0,0.2777777777777778,-0.2222222222222222,0.0,0.24615921787709494,0.0
qwen2.5:7b,dui__multi_speaker,dui,multi_speaker,sae_rh,0.10526315789473684,0.0,1.0,1.0,0.25,0.5,0.25,1.0,,0.0,0.7142857142857143,0.14285714285714285,0.0,0.3472222222222222,0.0,0.24444966583124478,,,,,,,,,,,,,
qwen2.5:7b,financial__code_switched,financial,code_switched,sae,0.3333333333333333,1.0,1.0,0.0,0.5,0.75,0.25,,,0.0,0.7142857142857143,0.14285714285714285,0.0,-0.5523564485828638,0.0,0.31547619047619047,,,,,,,,,,,,,
qwen2.5:7b,financial__code_switched,financial,code_switched,aae,0.0,0.5,1.0,1.0,0.5,0.5,0.0,,,0.0,0.5,0.16666666666666666,0.0,-0.28985507246376807,0.0,0.22693225560329744,-0.3333333333333333,-0.5,0.0,1.0,0.0,-0.25,-0.25,0.0,-0.2142857142857143,0.023809523809523808,0.0,0.26250137611909574,0.0
qwen2.5:7b,financial__code_switched,financial,code_switched,sae_rh,0.2,1.0,1.0,1.0,1.0,0.75,-0.25,1.0,,0.0,0.8571428571428571,0.0,0.0,-0.7465481511073382,0.0,0.12428571428571429,,,,,,,,,,,,,
llama3.2:3b,drug__chaotic,drug,chaotic,sae,0.07142857142857142,0.0,1.0,0.0,0.6666666666666666,1.0,0.33333333333333337,,,0.0,0.13333333333333333,0.0,0.0,0.0,0.0,0.4461309523809524,,,,,,,,,,,,,
llama3.2:3b,drug__chaotic,drug,chaotic,aae,0.1111111111111111,0.0,1.0,1.0,0.3333333333333333,1.0,0.6666666666666667,,,0.0,0.1875,0.0625,0.0,0.23923444976076555,0.0,0.4073831614292141,0.03968253968253968,0.0,0.0,1.0,-0.3333333333333333,0.0,0.33333333333333337,0.0,0.05416666666666667,0.0625,0.0,0.23923444976076555,0.0
llama3.2:3b,drug__chaotic,drug,chaotic,sae_rh,0.0,0.0,1.0,1.0,0.6666666666666666,1.0,0.33333333333333337,1.0,,0.0,0.7142857142857143,0.0,0.0,0.0,0.0,0.24523809523809526,,,,,,,,,,,,,
llama3.2:3b,domestic_violence__chaotic,domestic_violence,chaotic,sae,0.1,0.5,1.0,0.5,0.0,0.75,0.75,,,0.0,0.6666666666666666,0.0,0.0,-0.38910505836575876,0.0,0.42291666666666666,,,,,,,,,,,,,
llama3.2:3b,domestic_violence__chaotic,domestic_violence,chaotic,aae,0.16666666666666666,0.5,1.0,0.5,0.6666666666666666,0.5,-0.16666666666666663,,,0.0,0.2,0.0,0.0,-0.38910505836575876,0.0,0.27474358974358976,0.06666666666666665,0.0,0.0,0.0,0.6666666666666666,-0.25,-0.9166666666666666,0.0,-0.4666666666666666,0.0,0.0,0.0,0.0
llama3.2:3b,domestic_violence__chaotic,domestic_violence,chaotic,sae_rh,0.0,0.0,1.0,1.0,0.0,0.0,0.0,1.0,,0.0,0.0,0.0,0.0,-0.37037037037037035,0.0,0.25,,,,,,,,,,,,,
llama3.2:3b,financial__chaotic,financial,chaotic,sae,0.0,0.5,1.0,0.0,0.5,0.6666666666666666,0.16666666666666663,,,0.0,0.1111111111111111,0.1111111111111111,0.0,-0.07916089451810793,0.0,0.37847222222222215,,,,,,,,,,,,,
llama3.2:3b,financial__chaotic,financial,chaotic,aae,0.0,0.5,1.0,0.0,0.5,0.6666666666666666,0.16666666666666663,,,0.0,0.3333333333333333,0.16666666666666666,0.0,0.11067060784780702,0.0,0.291634028337099,0.0,0.0,0.0,0.0,0.0,0.0,0.0,0.0,0.2222222222222222,0.05555555555555555,0.0,0.18983150236591495,0.0
llama3.2:3b,financial__chaotic,financial,chaotic,sae_rh,0.0,0.0,1.0,1.0,0.0,0.0,0.0,1.0,,0.0,0.0,0.0,0.0,-1.5444015444015444,0.0,0.25,,,,,,,,,,,,,
llama3.2:3b,dui__chaotic,dui,chaotic,sae,0.0,0.0,1.0,0.0,0.0,1.0,1.0,,,0.0,0.5,0.0,0.0,-0.45045045045045046,0.0,0.5625,,,,,,,,,,,,,
llama3.2:3b,dui__chaotic,dui,chaotic,aae,0.06666666666666667,0.0,1.0,0.0,0.3333333333333333,1.0,0.6666666666666667,,,0.0,0.25,0.25,0.0,0.0,0.0,0.45007103257103265,0.06666666666666667,0.0,0.0,0.0,0.3333333333333333,0.0,-0.33333333333333326,0.0,-0.25,0.25,0.0,0.45045045045045046,0.0
llama3.2:3b,dui__chaotic,dui,chaotic,sae_rh,0.0,0.0,1.0,0.0,0.0,1.0,1.0,1.0,,0.0,0.42857142857142855,0.14285714285714285,0.0,0.0,0.0,0.4642857142857143,,,,,,,,,,,,,
llama3.2:3b,traffic__chaotic,traffic,chaotic,sae,0.0,0.0,1.0,1.0,0.4,1.0,nan,,,0.0,0.375,0.0,0.0,-0.056067382800056076,0.0,0.265625,,,,,,,,,,,,,
llama3.2:3b,traffic__chaotic,traffic,chaotic,aae,0.0,0.0,1.0,1.0,0.4,1.0,nan,,,0.0,0.3333333333333333,0.0,0.0,0.10894911885010894,0.0,0.4177561578551678,0.0,0.0,0.0,0.0,0.0,0.0,nan,0.0,-0.041666666666666685,0.0,0.0,0.16501650165016502,0.0
llama3.2:3b,traffic__chaotic,traffic,chaotic,sae_rh,0.0,0.5,1.0,1.0,0.0,1.0,nan,1.0,,0.0,0.2857142857142857,0.0,0.0,-0.37037037037037035,0.0,0.19642857142857145,,,,,,,,,,,,,
llama3.2:3b,property__chaotic,property,chaotic,sae,0.0,0.0,1.0,1.0,0.3333333333333333,0.0,-0.3333333333333333,,,0.0,0.125,0.0,0.0,0.04421945045896741,0.0,0.2974277431307371,,,,,,,,,,,,,
llama3.2:3b,property__chaotic,property,chaotic,aae,0.375,0.0,1.0,1.0,0.0,0.0,0.0,,,0.0,0.0,0.0,0.0,-0.36900369003690037,0.14285714285714285,0.3023966563739291,0.375,0.0,0.0,0.0,-0.3333333333333333,0.0,0.3333333333333333,0.0,-0.125,0.0,0.0,-0.4132231404958678,0.14285714285714285
llama3.2:3b,property__chaotic,property,chaotic,sae_rh,0.0,0.0,1.0,1.0,0.0,0.5,0.5,1.0,,0.0,0.3333333333333333,0.0,0.0,-0.3546099290780142,0.0,0.3166666666666667,,,,,,,,,,,,,
llama3.1:8b,drug__chaotic,drug,chaotic,sae,0.0,0.5,1.0,1.0,1.0,0.0,-1.0,,,0.0,0.5,0.0,0.0,0.3787878787878788,0.0,0.2234848484848485,,,,,,,,,,,,,
llama3.1:8b,drug__chaotic,drug,chaotic,aae,0.0,0.0,1.0,0.0,0.0,0.0,0.0,,,0.0,0.5,0.0,0.0,0.0,0.0,0.3096736596736597,0.0,-0.5,0.0,-1.0,-1.0,0.0,1.0,0.0,0.0,0.0,0.0,-0.3787878787878788,0.0
llama3.1:8b,drug__chaotic,drug,chaotic,sae_rh,0.0,0.0,1.0,1.0,0.0,0.0,0.0,1.0,,0.0,0.0,0.0,0.0,0.0,0.0,0.25,,,,,,,,,,,,,
llama3.1:8b,domestic_violence__chaotic,domestic_violence,chaotic,sae,0.375,0.0,1.0,0.5,0.0,0.5,0.5,,,0.0,0.0,0.0,0.0,-0.029392828149931438,0.0,0.4921875,,,,,,,,,,,,,
llama3.1:8b,domestic_violence__chaotic,domestic_violence,chaotic,aae,0.4444444444444444,0.0,1.0,0.5,0.0,0.75,0.75,,,0.0,0.0,0.0,0.0,-0.38910505836575876,0.0,0.46151694029391876,0.06944444444444442,0.0,0.0,0.0,0.0,0.25,0.25,0.0,0.0,0.0,0.0,-0.3597122302158273,0.0
llama3.1:8b,domestic_violence__chaotic,domestic_violence,chaotic,sae_rh,0.14285714285714285,0.0,1.0,0.5,0.0,0.5,0.5,1.0,,0.0,0.5,0.0,0.0,-0.37037037037037035,0.0,0.3321428571428572,,,,,,,,,,,,,
llama3.1:8b,financial__chaotic,financial,chaotic,sae,0.0,0.5,1.0,0.0,0.5,0.6666666666666666,0.16666666666666663,,,0.0,0.16666666666666666,0.16666666666666666,0.0,-0.6996612166740315,0.0,0.375,,,,,,,,,,,,,
llama3.1:8b,financial__chaotic,financial,chaotic,aae,0.0,0.5,1.0,0.0,0.5,0.6666666666666666,0.16666666666666663,,,0.0,0.25,0.0,0.0,0.4748076393157683,0.0,0.3099963152032571,0.0,0.0,0.0,0.0,0.0,0.0,0.0,0.0,0.08333333333333334,-0.16666666666666666,0.0,1.1744688559897998,0.0
llama3.1:8b,financial__chaotic,financial,chaotic,sae_rh,0.0,0.5,1.0,0.0,0.5,0.3333333333333333,-0.16666666666666669,1.0,,0.0,0.0,0.0,0.0,0.11122759467130316,0.0,0.27611227594671306,,,,,,,,,,,,,
llama3.1:8b,dui__chaotic,dui,chaotic,sae,0.125,0.0,1.0,1.0,0.3333333333333333,1.0,0.6666666666666667,,,0.0,0.3333333333333333,0.3333333333333333,0.0,-0.3257328990228013,0.0,0.46614583333333337,,,,,,,,,,,,,
llama3.1:8b,dui__chaotic,dui,chaotic,aae,0.0625,0.0,1.0,1.0,0.3333333333333333,1.0,0.6666666666666667,,,0.0,0.6666666666666666,0.0,0.0,-0.37453183520599254,0.0,0.33176036824897226,-0.0625,0.0,0.0,0.0,0.0,0.0,0.0,0.0,0.3333333333333333,-0.3333333333333333,0.0,-0.048798936183191255,0.0
llama3.1:8b,dui__chaotic,dui,chaotic,sae_rh,0.06666666666666667,0.0,1.0,1.0,0.0,0.0,0.0,0.0,,0.0,0.0,0.5,0.0,-0.32051282051282054,0.0,0.47833333333333333,,,,,,,,,,,,,
llama3.1:8b,traffic__chaotic,traffic,chaotic,sae,0.2,1.0,1.0,0.0,0.0,1.0,nan,,,0.0,0.0,0.0,0.0,0.0030046722653726543,0.0,0.32503755840331716,,,,,,,,,,,,,
llama3.1:8b,traffic__chaotic,traffic,chaotic,aae,0.0,0.0,1.0,0.0,0.0,1.0,nan,,,0.0,0.0,0.0,0.0,0.034067681126504656,0.0,0.500340676811265,-0.2,-1.0,0.0,0.0,0.0,0.0,nan,0.0,0.0,0.0,0.0,0.031063008861132002,0.0
llama3.1:8b,traffic__chaotic,traffic,chaotic,sae_rh,0.0,0.0,1.0,1.0,0.0,1.0,nan,1.0,,0.0,0.0,0.0,0.0,-0.37037037037037035,0.0,0.25,,,,,,,,,,,,,
llama3.1:8b,property__chaotic,property,chaotic,sae,0.375,0.0,1.0,1.0,0.0,0.5,0.5,,,0.0,0.0,0.0,0.0,-0.36900369003690037,0.0,0.46093749999999994,,,,,,,,,,,,,
llama3.1:8b,property__chaotic,property,chaotic,aae,0.16666666666666666,0.0,1.0,1.0,0.3333333333333333,0.5,0.16666666666666669,,,0.0,0.5,0.0,0.0,0.01709669606348574,0.5,0.30162379341346135,-0.20833333333333334,0.0,0.0,0.0,0.3333333333333333,0.0,-0.3333333333333333,0.0,0.5,0.0,0.0,0.3861003861003861,0.5
llama3.1:8b,property__chaotic,property,chaotic,sae_rh,0.2857142857142857,0.0,1.0,1.0,0.0,0.0,0.0,1.0,,0.0,0.0,0.0,0.0,-0.3546099290780142,0.0,0.2642857142857143,,,,,,,,,,,,,
mistral:7b,drug__chaotic,drug,chaotic,sae,0.4,0.0,1.0,1.0,0.6666666666666666,0.0,-0.6666666666666666,,,0.0,0.15384615384615385,0.0,0.0,0.0,0.0,0.3182692307692308,,,,,,,,,,,,,
mistral:7b,drug__chaotic,drug,chaotic,aae,0.4,0.0,1.0,1.0,0.3333333333333333,0.0,-0.3333333333333333,,,0.0,0.07142857142857142,0.0,0.0,0.0,0.0,0.27438151591997745,0.0,0.0,0.0,0.0,-0.3333333333333333,0.0,0.3333333333333333,0.0,-0.08241758241758243,0.0,0.0,0.0,0.0
mistral:7b,drug__chaotic,drug,chaotic,sae_rh,0.36363636363636365,0.5,1.0,1.0,0.6666666666666666,0.0,-0.6666666666666666,0.0,,0.0,0.07142857142857142,0.0,0.0,0.0,0.0,0.43603896103896106,,,,,,,,,,,,,
mistral:7b,domestic_violence__chaotic,domestic_violence,chaotic,sae,0.25,0.0,1.0,0.5,0.0,0.0,0.0,,,0.0,0.2,0.0,0.0,-0.38910505836575876,0.0,0.334375,,,,,,,,,,,,,
mistral:7b,domestic_violence__chaotic,domestic_violence,chaotic,aae,0.4,0.0,1.0,0.5,0.0,0.0,0.0,,,0.0,0.23076923076923078,0.0,0.0,0.0514235759954747,0.0,0.2819957413773465,0.15000000000000002,0.0,0.0,0.0,0.0,0.0,0.0,0.0,0.03076923076923077,0.0,0.0,0.44052863436123346,0.0
mistral:7b,domestic_violence__chaotic,domestic_violence,chaotic,sae_rh,0.2,0.0,1.0,0.5,0.0,0.25,0.25,1.0,,0.0,0.23076923076923078,0.0,0.0,0.08417508417508418,0.0,0.3127648277648277,,,,,,,,,,,,,
mistral:7b,financial__chaotic,financial,chaotic,sae,0.16666666666666666,0.0,1.0,0.0,0.0,1.0,1.0,,,0.0,0.36363636363636365,0.09090909090909091,1.0,-0.1350707134911806,0.0,0.6581439393939394,,,,,,,,,,,,,
mistral:7b,financial__chaotic,financial,chaotic,aae,0.16666666666666666,0.0,1.0,1.0,0.0,0.6666666666666666,0.6666666666666666,,,0.0,0.3,0.0,0.0,-0.6935072724546408,0.0,0.41366126174629103,0.0,0.0,0.0,1.0,0.0,-0.33333333333333337,-0.33333333333333337,0.0,-0.06363636363636366,-0.09090909090909091,-1.0,-0.5584365589634602,0.0
mistral:7b,financial__chaotic,financial,chaotic,sae_rh,0.2,0.0,1.0,1.0,0.0,0.3333333333333333,0.3333333333333333,1.0,,0.0,0.3,0.0,0.0,-0.9491634491634492,0.0,0.2966666666666667,,,,,,,,,,,,,
mistral:7b,dui__chaotic,dui,chaotic,sae,0.0,0.0,1.0,1.0,0.6666666666666666,1.0,0.33333333333333337,,,0.0,0.16666666666666666,0.08333333333333333,0.0,-0.3597122302158273,0.0,0.3802083333333333,,,,,,,,,,,,,
mistral:7b,dui__chaotic,dui,chaotic,aae,0.0,0.0,1.0,1.0,0.3333333333333333,1.0,0.6666666666666667,,,0.0,0.2727272727272727,0.0,0.0,-0.398406374501992,0.0,0.3698260637582487,0.0,0.0,0.0,0.0,-0.3333333333333333,0.0,0.33333333333333337,0.0,0.10606060606060605,-0.08333333333333333,0.0,-0.03869414428616469,0.0
mistral:7b,dui__chaotic,dui,chaotic,sae_rh,0.06666666666666667,0.0,1.0,1.0,0.6666666666666666,0.0,-0.6666666666666666,1.0,,0.0,0.14285714285714285,0.07142857142857142,0.0,0.0,0.0,0.24261904761904765,,,,,,,,,,,,,
mistral:7b,traffic__chaotic,traffic,chaotic,sae,0.0,0.0,1.0,0.0,0.2,1.0,nan,,,0.0,0.3333333333333333,0.0,0.0,-0.3861003861003861,0.0,0.3333333333333333,,,,,,,,,,,,,
mistral:7b,traffic__chaotic,traffic,chaotic,aae,0.0,0.0,1.0,0.0,0.2,1.0,nan,,,0.0,0.45454545454545453,0.0,0.0,-0.3861003861003861,0.0,0.4545454545454546,0.0,0.0,0.0,0.0,0.0,0.0,nan,0.0,0.12121212121212122,0.0,0.0,0.0,0.0
mistral:7b,traffic__chaotic,traffic,chaotic,sae_rh,0.0,0.0,1.0,1.0,0.2,1.0,nan,1.0,,0.0,0.4,0.0,0.0,-0.37037037037037035,0.0,0.21,,,,,,,,,,,,,
mistral:7b,property__chaotic,property,chaotic,sae,0.3333333333333333,0.0,1.0,1.0,0.3333333333333333,0.5,0.16666666666666669,,,0.0,0.2727272727272727,0.0,0.0,0.062030792721720296,0.09090909090909091,0.3473662939999305,,,,,,,,,,,,,
mistral:7b,property__chaotic,property,chaotic,aae,0.36363636363636365,0.0,1.0,0.0,0.3333333333333333,0.5,0.16666666666666669,,,0.0,0.15384615384615385,0.0,0.0,-0.03567035670356705,0.15384615384615385,0.3639739570774054,0.03030303030303033,0.0,0.0,-1.0,0.0,0.0,0.0,0.0,-0.11888111888111885,0.0,0.0,-0.09770114942528735,0.06293706293706294
mistral:7b,property__chaotic,property,chaotic,sae_rh,0.4444444444444444,0.0,1.0,1.0,0.0,0.5,0.5,1.0,,0.0,0.16666666666666666,0.0,0.0,-0.3546099290780142,0.16666666666666666,0.3638888888888889,,,,,,,,,,,,,
qwen2.5:7b,drug__chaotic,drug,chaotic,sae,0.18181818181818182,0.0,1.0,0.0,0.6666666666666666,1.0,0.33333333333333337,,,0.0,0.6923076923076923,0.0,0.0,0.0,0.0,0.38315850815850816,,,,,,,,,,,,,
qwen2.5:7b,drug__chaotic,drug,chaotic,aae,0.3333333333333333,0.0,1.0,1.0,0.0,1.0,1.0,,,0.0,0.4,0.0,0.0,0.0,0.0,0.46939214631522325,0.1515151515151515,0.0,0.0,1.0,-0.6666666666666666,0.0,0.6666666666666666,0.0,-0.29230769230769227,0.0,0.0,0.0,0.0
qwen2.5:7b,drug__chaotic,drug,chaotic,sae_rh,0.2222222222222222,0.0,1.0,1.0,0.0,0.0,0.0,1.0,,0.0,0.6666666666666666,0.0,0.0,0.0,0.0,0.19444444444444445,,,,,,,,,,,,,
qwen2.5:7b,domestic_violence__chaotic,domestic_violence,chaotic,sae,0.1111111111111111,0.0,1.0,0.5,0.3333333333333333,0.5,0.16666666666666669,,,0.0,0.375,0.0,0.0,-0.15325600176198523,0.0,0.3454861111111111,,,,,,,,,,,,,
qwen2.5:7b,domestic_violence__chaotic,domestic_violence,chaotic,aae,0.25,0.0,1.0,0.5,0.6666666666666666,0.5,-0.16666666666666663,,,0.0,0.0,0.0,0.0,0.22817889225152516,0.0,0.31381241122357784,0.1388888888888889,0.0,0.0,0.0,0.3333333333333333,0.0,-0.3333333333333333,0.0,-0.375,0.0,0.0,0.3814348940135104,0.0
qwen2.5:7b,domestic_violence__chaotic,domestic_violence,chaotic,sae_rh,0.16666666666666666,0.0,1.0,0.0,0.3333333333333333,0.5,0.16666666666666669,1.0,,0.0,0.4,0.0,0.0,0.0013768415255404065,0.0,0.30168043508192205,,,,,,,,,,,,,
qwen2.5:7b,financial__chaotic,financial,chaotic,sae,0.125,1.0,1.0,0.0,0.5,0.3333333333333333,-0.16666666666666669,,,0.0,0.3333333333333333,0.2222222222222222,0.0,-0.565782806958284,0.0,0.2925347222222222,,,,,,,,,,,,,
qwen2.5:7b,financial__chaotic,financial,chaotic,aae,0.0,1.0,1.0,0.0,0.5,1.0,0.5,,,0.0,0.45454545454545453,0.09090909090909091,1.0,-0.9931283967104205,0.0,0.4073709733310741,-0.125,0.0,0.0,0.0,0.0,0.6666666666666667,0.6666666666666667,0.0,0.12121212121212122,-0.1313131313131313,1.0,-0.42734558975213655,0.0
qwen2.5:7b,financial__chaotic,financial,chaotic,sae_rh,0.0,0.5,1.0,0.0,0.5,0.6666666666666666,0.16666666666666663,0.0,,0.0,0.5714285714285714,0.14285714285714285,0.0,0.18399351732685054,0.0,0.4601732685066019,,,,,,,,,,,,,
qwen2.5:7b,dui__chaotic,dui,chaotic,sae,0.05555555555555555,0.0,1.0,0.0,0.6666666666666666,1.0,0.33333333333333337,,,0.0,0.18181818181818182,0.09090909090909091,0.0,0.0,0.0,0.444760101010101,,,,,,,,,,,,,
qwen2.5:7b,dui__chaotic,dui,chaotic,aae,0.125,0.0,1.0,0.0,0.3333333333333333,1.0,0.6666666666666667,,,0.0,0.5,0.0,0.0,-0.2898550724637681,0.0,0.41166113475896093,0.06944444444444445,0.0,0.0,0.0,-0.3333333333333333,0.0,0.33333333333333337,0.0,0.3181818181818182,-0.09090909090909091,0.0,-0.2898550724637681,0.0
qwen2.5:7b,dui__chaotic,dui,chaotic,sae_rh,0.1875,0.0,1.0,1.0,0.0,1.0,1.0,1.0,,0.0,0.14285714285714285,0.2857142857142857,0.0,-0.35714285714285715,0.0,0.45937500000000003,,,,,,,,,,,,,
qwen2.5:7b,traffic__chaotic,traffic,chaotic,sae,0.16666666666666666,0.0,1.0,1.0,0.0,1.0,nan,,,0.0,0.6666666666666666,0.0,0.0,-0.3861003861003861,0.0,0.23958333333333337,,,,,,,,,,,,,
qwen2.5:7b,traffic__chaotic,traffic,chaotic,aae,0.15384615384615385,0.0,1.0,1.0,0.0,1.0,nan,,,0.0,0.3333333333333333,0.0,0.0,-0.3861003861003861,0.0,0.42435897435897435,-0.012820512820512803,0.0,0.0,0.0,0.0,0.0,nan,0.0,-0.3333333333333333,0.0,0.0,0.0,0.0
qwen2.5:7b,traffic__chaotic,traffic,chaotic,sae_rh,0.21428571428571427,0.0,1.0,1.0,0.0,1.0,nan,1.0,,0.0,0.8,0.0,0.0,-0.37037037037037035,0.0,0.18071428571428572,,,,,,,,,,,,,
qwen2.5:7b,property__chaotic,property,chaotic,sae,0.36363636363636365,0.0,1.0,1.0,0.3333333333333333,0.0,-0.3333333333333333,,,0.0,0.6,0.0,0.0,-0.09122591225912258,0.2,0.2727272727272727,,,,,,,,,,,,,
qwen2.5:7b,property__chaotic,property,chaotic,aae,0.35714285714285715,0.0,1.0,1.0,1.0,0.5,-0.5,,,0.0,0.7,0.0,0.0,0.24701273706782245,0.1,0.23422058544557162,-0.006493506493506496,0.0,0.0,0.0,0.6666666666666667,0.5,-0.16666666666666669,0.0,0.09999999999999998,0.0,0.0,0.33823864932694503,-0.1
qwen2.5:7b,property__chaotic,property,chaotic,sae_rh,0.4,1.0,1.0,1.0,0.0,0.5,0.5,0.0,,0.0,0.3333333333333333,0.0,0.0,-0.35460992907801425,0.3333333333333333,0.5033333333333334,,,,,,,,,,,,,
phi3:mini,property__multi_speaker,property,multi_speaker,sae,0.38461538461538464,0.0,1.0,1.0,0.0,0.0,0.0,,,0.0,0.0,0.0,0.0,-0.6655922998807895,0.0,0.3365384615384615,,,,,,,,,,,,,
phi3:mini,property__multi_speaker,property,multi_speaker,aae,0.16666666666666666,0.0,1.0,0.5,0.0,0.6666666666666666,0.6666666666666666,,,0.0,0.0,0.0,0.0,-0.5778463103678504,0.0,0.449574790371205,-0.21794871794871798,0.0,0.0,-0.5,0.0,0.6666666666666666,0.6666666666666666,0.0,0.0,0.0,0.0,0.0877459895129391,0.0
phi3:mini,property__multi_speaker,property,multi_speaker,sae_rh,0.21428571428571427,0.0,1.0,0.75,0.0,0.0,0.0,1.0,,0.0,0.5,0.0,0.0,-0.3401360544217687,0.0,0.22321428571428575,,,,,,,,,,,,,
phi3:mini,property__clean,property,clean,sae,0.18181818181818182,0.0,1.0,1.0,0.3333333333333333,0.5,0.16666666666666669,,,0.0,0.8,0.0,0.0,-0.43478260869565216,0.2,0.27803030303030307,,,,,,,,,,,,,
phi3:mini,property__clean,property,clean,aae,0.125,0.0,1.0,1.0,0.3333333333333333,0.5,0.16666666666666669,,,0.0,0.4,0.2,1.0,-0.43478260869565216,0.2,0.34507284382284387,-0.05681818181818182,0.0,0.0,0.0,0.0,0.0,0.0,0.0,-0.4,0.2,1.0,0.0,0.0
phi3:mini,property__clean,property,clean,sae_rh,0.15384615384615385,0.0,1.0,0.5,0.6666666666666666,0.5,-0.16666666666666663,1.0,,0.0,0.0,0.09090909090909091,0.0,-0.6810644127205971,0.18181818181818182,0.29632867132867136,,,,,,,,,,,,,
phi3:mini,drug__chaotic,drug,chaotic,sae,0.1,0.0,1.0,1.0,0.3333333333333333,0.0,-0.3333333333333333,,,0.0,0.1111111111111111,0.1111111111111111,1.0,0.0,0.0,0.3743055555555555,,,,,,,,,,,,,
phi3:mini,drug__chaotic,drug,chaotic,aae,0.1111111111111111,0.0,1.0,0.0,0.0,0.0,0.0,,,0.0,0.3076923076923077,0.07692307692307693,0.0,0.0,0.0,0.323379355687048,0.0111111111111111,0.0,0.0,-1.0,-0.3333333333333333,0.0,0.3333333333333333,0.0,0.1965811965811966,-0.03418803418803418,-1.0,0.0,0.0
phi3:mini,drug__chaotic,drug,chaotic,sae_rh,0.0,0.0,1.0,1.0,0.6666666666666666,0.0,-0.6666666666666666,0.0,,0.0,0.2857142857142857,0.21428571428571427,0.3333333333333333,0.1834862385321101,0.07142857142857142,0.4542158147662735,,,,,,,,,,,,,
phi3:mini,property__code_switched,property,code_switched,sae,0.09090909090909091,1.0,1.0,1.0,0.3333333333333333,0.0,-0.3333333333333333,,,0.0,0.0,0.0,0.0,-0.010559024949467533,0.1111111111111111,0.2626262626262626,,,,,,,,,,,,,
phi3:mini,property__code_switched,property,code_switched,aae,0.2,0.0,1.0,1.0,0.3333333333333333,0.0,-0.3333333333333333,,,0.0,0.14285714285714285,0.0,0.0,-0.3937007874015748,0.0,0.2725789153375361,0.1090909090909091,-1.0,0.0,0.0,0.0,0.0,0.0,0.0,0.14285714285714285,0.0,0.0,-0.3831417624521073,-0.1111111111111111
phi3:mini,property__code_switched,property,code_switched,sae_rh,0.5,0.0,1.0,1.0,0.0,0.0,0.0,0.0,,0.0,0.07142857142857142,0.0,0.0,-0.37593984962406013,0.14285714285714285,0.475,,,,,,,,,,,,,
phi3:mini,drug__clean,drug,clean,sae,0.0,0.0,1.0,1.0,1.0,0.0,-1.0,,,0.0,0.14285714285714285,0.14285714285714285,0.0,0.26455026455026454,0.0,0.30687830687830686,,,,,,,,,,,,,
phi3:mini,drug__clean,drug,clean,aae,0.07692307692307693,0.0,1.0,1.0,0.6666666666666666,1.0,0.33333333333333337,,,0.0,0.0,0.14285714285714285,0.0,0.0,0.0,0.37613255690178765,0.07692307692307693,0.0,0.0,0.0,-0.33333333333333337,1.0,1.3333333333333335,0.0,-0.14285714285714285,0.0,0.0,-0.26455026455026454,0.0
phi3:mini,drug__clean,drug,clean,sae_rh,0.18181818181818182,0.5,1.0,0.0,0.0,0.0,0.0,1.0,,0.0,0.3333333333333333,0.0,0.0,-0.35587188612099646,0.0,0.2507575757575758,,,,,,,,,,,,,
phi3:mini,financial__clean,financial,clean,sae,0.25,0.5,1.0,1.0,0.0,0.3333333333333333,0.3333333333333333,,,0.0,1.0,0.0,0.0,-1.6408219602540808,0.0,0.25520833333333337,,,,,,,,,,,,,
phi3:mini,financial__clean,financial,clean,aae,0.0,0.5,1.0,0.0,0.5,1.0,0.5,,,0.0,0.25,0.375,0.0,-1.7007837173938474,0.0,0.4267237706226631,-0.25,0.0,0.0,-1.0,0.5,0.6666666666666667,0.16666666666666669,0.0,-0.75,0.375,0.0,-0.05996175713976659,0.0
phi3:mini,financial__clean,financial,clean,sae_rh,0.5555555555555556,0.0,1.0,0.0,0.0,0.6666666666666666,0.6666666666666666,1.0,,0.0,0.07142857142857142,0.21428571428571427,0.6666666666666666,-1.5976177266499847,0.0,0.49801587301587297,,,,,,,,,,,,,
phi3:mini,dui__clean,dui,clean,sae,0.07692307692307693,0.0,1.0,1.0,0.6666666666666666,1.0,0.33333333333333337,,,0.0,0.0,0.2,0.0,0.0,0.0,0.41314102564102567,,,,,,,,,,,,,
phi3:mini,dui__clean,dui,clean,aae,0.16666666666666666,0.0,1.0,1.0,1.0,1.0,0.0,,,0.0,0.15384615384615385,0.15384615384615385,0.0,0.0,0.0,0.2653550295857989,0.08974358974358973,0.0,0.0,0.0,0.33333333333333337,0.0,-0.33333333333333337,0.0,0.15384615384615385,-0.046153846153846156,0.0,0.0,0.0
phi3:mini,dui__clean,dui,clean,sae_rh,0.15789473684210525,0.0,1.0,0.5,0.0,1.0,1.0,1.0,,0.0,0.0,0.16666666666666666,0.0,0.3241491085899514,0.0,0.4944695612613381,,,,,,,,,,,,,
phi3:mini,traffic__multi_speaker,traffic,multi_speaker,sae,0.4,0.0,1.0,0.33333333333333337,0.3333333333333333,1.0,0.6666666666666667,,,0.0,0.2857142857142857,0.0,0.0,0.09318243426402817,0.0,0.511283828047348,,,,,,,,,,,,,
phi3:mini,traffic__multi_speaker,traffic,multi_speaker,aae,0.4166666666666667,0.0,1.0,0.0,0.16666666666666666,0.0,-0.16666666666666666,,,0.0,0.16666666666666666,0.08333333333333333,0.0,-0.36764705882352944,0.0,0.35469041710977195,0.016666666666666663,0.0,0.0,-0.33333333333333337,-0.16666666666666666,-1.0,-0.8333333333333334,0.0,-0.11904761904761904,0.08333333333333333,0.0,-0.4608294930875576,0.0
phi3:mini,traffic__multi_speaker,traffic,multi_speaker,sae_rh,0.16666666666666666,0.0,1.0,0.5,0.16666666666666666,0.0,-0.16666666666666666,1.0,,0.0,0.0,0.0,0.0,0.4679983456802664,0.0,0.28801331679013603,,,,,,,,,,,,,
phi3:mini,drug__multi_speaker,drug,multi_speaker,sae,0.36363636363636365,0.0,1.0,1.0,0.25,0.0,-0.25,,,0.0,0.23076923076923078,0.15384615384615385,0.5,-0.25380710659898476,0.0,0.3472465034965035,,,,,,,,,,,,,
phi3:mini,drug__multi_speaker,drug,multi_speaker,aae,0.2857142857142857,0.0,1.0,0.0,0.25,0.0,-0.25,,,0.0,0.04,0.12,0.6666666666666666,-0.5357142857142857,0.0,0.3765592215931927,-0.07792207792207795,0.0,0.0,-1.0,0.0,0.0,0.0,0.0,-0.19076923076923077,-0.03384615384615386,0.16666666666666663,-0.28190717911530094,0.0
phi3:mini,drug__multi_speaker,drug,multi_speaker,sae_rh,0.3684210526315789,0.0,1.0,1.0,0.25,0.5,0.25,0.0,,0.0,0.05555555555555555,0.1111111111111111,0.0,-0.4418262150220913,0.1111111111111111,0.5239766081871345,,,,,,,,,,,,,
phi3:mini,traffic__code_switched,traffic,code_switched,sae,0.1,0.0,1.0,0.0,0.4,0.0,-0.4,,,0.0,0.2857142857142857,0.0,0.0,-0.20445487327248574,0.0,0.3455357142857143,,,,,,,,,,,,,
phi3:mini,traffic__code_switched,traffic,code_switched,aae,0.125,0.0,1.0,0.0,0.2,0.0,-0.2,,,0.0,0.1111111111111111,0.0,0.0,-0.4132231404958678,0.0,0.30757537260929746,0.024999999999999994,0.0,0.0,0.0,-0.2,0.0,0.2,0.0,-0.1746031746031746,0.0,0.0,-0.20876826722338204,0.0
phi3:mini,traffic__code_switched,traffic,code_switched,sae_rh,0.23076923076923078,0.0,1.0,1.0,0.2,0.0,-0.2,1.0,,0.0,0.4,0.0,0.0,0.28811524609843936,0.0,0.22441961399944596,,,,,,,,,,,,,
phi3:mini,financial__multi_speaker,financial,multi_speaker,sae,0.3333333333333333,0.0,1.0,1.0,0.0,0.5,0.5,,,0.0,0.4166666666666667,0.08333333333333333,1.0,-1.8975305534580642,0.0,0.4739583333333333,,,,,,,,,,,,,
phi3:mini,financial__multi_speaker,financial,multi_speaker,aae,0.2,0.0,1.0,0.0,0.0,0.5,0.5,,,0.0,0.0,0.125,1.0,-0.8317477575428107,0.0,0.5071338378858757,-0.1333333333333333,0.0,0.0,-1.0,0.0,0.0,0.0,0.0,-0.4166666666666667,0.04166666666666667,0.0,1.0657827959152535,0.0
phi3:mini,financial__multi_speaker,financial,multi_speaker,sae_rh,0.4166666666666667,0.0,1.0,0.5,0.3333333333333333,0.5,0.16666666666666669,0.0,,0.0,0.07692307692307693,0.07692307692307693,1.0,-1.641461342395922,0.0,0.5753205128205128,,,,,,,,,,,,,
phi3:mini,financial__extended_interview,financial,extended_interview,sae,0.6,0.0,1.0,0.0,0.3333333333333333,0.3333333333333333,0.0,,,0.0,0.3333333333333333,0.0,0.0,-1.448160259404798,0.0,0.37083333333333335,,,,,,,,,,,,,
phi3:mini,financial__extended_interview,financial,extended_interview,aae,0.2222222222222222,0.0,1.0,0.0,0.0,0.6666666666666666,0.6666666666666666,,,0.0,0.25,0.08333333333333333,0.0,-1.163617130295367,0.0,0.45687758660168354,-0.37777777777777777,0.0,0.0,0.0,-0.3333333333333333,0.3333333333333333,0.6666666666666666,0.0,-0.08333333333333331,0.08333333333333333,0.0,0.2845431291094309,0.0
phi3:mini,financial__extended_interview,financial,extended_interview,sae_rh,0.375,0.0,1.0,0.0,0.3333333333333333,0.3333333333333333,0.0,0.0,,0.0,0.0,0.15384615384615385,1.0,-1.597444089456869,0.0,0.5764423076923076,,,,,,,,,,,,,
phi3:mini,domestic_violence__multi_speaker,domestic_violence,multi_speaker,sae,0.3333333333333333,0.5,1.0,0.33333333333333337,0.0,0.4,0.4,,,0.0,0.13333333333333333,0.0,0.0,-0.08465608465608465,0.0,0.4270833333333333,,,,,,,,,,,,,
phi3:mini,domestic_violence__multi_speaker,domestic_violence,multi_speaker,aae,0.2777777777777778,0.0,1.0,0.5,0.25,0.4,0.15000000000000002,,,0.0,0.23076923076923078,0.0,0.0,-0.37037037037037035,0.0,0.3205100028176951,-0.055555555555555525,-0.5,0.0,0.16666666666666663,0.25,0.0,-0.25,0.0,0.09743589743589745,0.0,0.0,-0.2857142857142857,0.0
phi3:mini,domestic_violence__multi_speaker,domestic_violence,multi_speaker,sae_rh,0.5,0.0,1.0,0.33333333333333337,0.25,0.0,-0.25,1.0,,0.0,0.09803921568627451,0.0,0.0,0.7753498333360173,0.0,0.3062829100980661,,,,,,,,,,,,,
phi3:mini,traffic__extended_interview,traffic,extended_interview,sae,0.09090909090909091,0.0,1.0,0.0,0.0,1.0,nan,,,0.0,0.0,0.0,0.0,-0.3564917600765329,0.0,0.3806818181818182,,,,,,,,,,,,,
phi3:mini,traffic__extended_interview,traffic,extended_interview,aae,0.18181818181818182,0.0,1.0,0.0,0.16666666666666666,1.0,nan,,,0.0,0.14285714285714285,0.0,0.0,-0.38322316007942275,0.0,0.49480519480519486,0.09090909090909091,0.0,0.0,0.0,0.16666666666666666,0.0,nan,0.0,0.14285714285714285,0.0,0.0,-0.02673140000288987,0.0
phi3:mini,traffic__extended_interview,traffic,extended_interview,sae_rh,0.2857142857142857,0.0,1.0,1.0,0.3333333333333333,1.0,nan,1.0,,0.0,0.0,0.0,0.0,0.9609403937409584,0.0,0.2738951182231239,,,,,,,,,,,,,
phi3:mini,dui__extended_interview,dui,extended_interview,sae,0.2857142857142857,0.0,1.0,1.0,0.0,0.0,0.0,,,0.0,0.25,0.0,0.0,-0.6515764116604587,0.0,0.2991071428571428,,,,,,,,,,,,,
phi3:mini,dui__extended_interview,dui,extended_interview,aae,0.34615384615384615,0.0,1.0,0.5,0.25,0.0,-0.25,,,0.0,0.16666666666666666,0.08333333333333333,0.0,-0.33003300330033003,0.0,0.303633071314867,0.06043956043956045,0.0,0.0,-0.5,0.25,0.0,-0.25,0.0,-0.08333333333333334,0.08333333333333333,0.0,0.3215434083601286,0.0
phi3:mini,dui__extended_interview,dui,extended_interview,sae_rh,0.15,0.0,1.0,0.0,0.0,1.0,1.0,1.0,,0.0,0.2222222222222222,0.0,0.0,-0.04719004719004716,0.0,0.4852777777777778,,,,,,,,,,,,,
phi3:mini,domestic_violence__clean,domestic_violence,clean,sae,0.5454545454545454,0.0,1.0,0.0,0.3333333333333333,0.25,-0.08333333333333331,,,0.0,0.11764705882352941,0.0,0.0,-0.10518120983237261,0.0,0.39438502673796794,,,,,,,,,,,,,
phi3:mini,domestic_violence__clean,domestic_violence,clean,aae,0.4,0.5,1.0,0.0,0.0,0.25,0.25,,,0.0,0.46153846153846156,0.0,0.0,-0.46296296296296297,0.0,0.32982760566102665,-0.1454545454545454,0.5,0.0,0.0,-0.3333333333333333,0.0,0.3333333333333333,0.0,0.3438914027149321,0.0,0.0,-0.35778175313059035,0.0
phi3:mini,domestic_violence__clean,domestic_violence,clean,sae_rh,0.45,0.0,1.0,0.0,0.0,0.0,0.0,1.0,,0.0,0.1111111111111111,0.0,0.0,0.22391401701746527,0.0,0.3136280290590636,,,,,,,,,,,,,
phi3:mini,domestic_violence__chaotic,domestic_violence,chaotic,sae,0.6,0.0,1.0,0.5,0.3333333333333333,0.25,-0.08333333333333331,,,0.0,0.42857142857142855,0.0,0.0,-0.10092062032541294,0.0,0.32767857142857143,,,,,,,,,,,,,
phi3:mini,domestic_violence__chaotic,domestic_violence,chaotic,aae,0.14285714285714285,0.0,1.0,0.33333333333333337,0.0,0.0,0.0,,,0.0,0.3076923076923077,0.0,0.0,0.27096094823490136,0.0,0.2898509827264722,-0.45714285714285713,0.0,0.0,-0.16666666666666663,-0.3333333333333333,-0.25,0.08333333333333331,0.0,-0.12087912087912084,0.0,0.0,0.3718815685603143,0.0
phi3:mini,domestic_violence__chaotic,domestic_violence,chaotic,sae_rh,0.5,0.0,1.0,0.33333333333333337,0.0,0.25,0.25,1.0,,0.0,0.14285714285714285,0.0,0.0,-0.5901505901505901,0.0,0.34404761904761905,,,,,,,,,,,,,
phi3:mini,property__extended_interview,property,extended_interview,sae,0.36363636363636365,0.0,1.0,0.5,0.5,0.0,-0.5,,,0.0,0.09090909090909091,0.0,0.0,-1.215985215985216,0.09090909090909091,0.3607954545454546,,,,,,,,,,,,,
phi3:mini,property__extended_interview,property,extended_interview,aae,0.23076923076923078,0.0,1.0,0.0,0.0,0.0,0.0,,,0.0,0.1111111111111111,0.0,0.0,-1.054945054945055,0.1111111111111111,0.33420308035692653,-0.13286713286713286,0.0,0.0,-0.5,-0.5,0.0,0.5,0.0,0.020202020202020193,0.0,0.0,0.16104016104016106,0.020202020202020193
phi3:mini,property__extended_interview,property,extended_interview,sae_rh,0.4117647058823529,0.0,1.0,1.0,0.25,0.0,-0.25,1.0,,0.0,0.07692307692307693,0.0,0.0,-0.5970149253731344,0.0,0.26289592760180996,,,,,,,,,,,,,
phi3:mini,traffic__clean,traffic,clean,sae,0.4827586206896552,0.0,1.0,0.0,0.2,1.0,nan,,,0.0,0.11764705882352941,0.0,0.0,0.10732213951878133,0.0,0.39180805818414705,,,,,,,,,,,,,
phi3:mini,traffic__clean,traffic,clean,aae,0.3076923076923077,0.0,1.0,0.0,0.0,1.0,nan,,,0.0,0.14285714285714285,0.0,0.0,-0.45871559633027525,0.0,0.5010989010989011,-0.17506631299734748,0.0,0.0,0.0,-0.2,0.0,nan,0.0,0.02521008403361344,0.0,0.0,-0.5660377358490566,0.0
phi3:mini,traffic__clean,traffic,clean,sae_rh,0.5714285714285714,0.0,1.0,1.0,0.0,1.0,nan,1.0,,0.0,0.0,0.0,0.0,-0.1596729124581161,0.0,0.2785714285714286,,,,,,,,,,,,,
phi3:mini,drug__extended_interview,drug,extended_interview,sae,0.4444444444444444,0.0,1.0,1.0,0.25,0.0,-0.25,,,0.0,0.25,0.0,1.0,-0.3246753246753247,0.0,0.37152777777777773,,,,,,,,,,,,,
phi3:mini,drug__extended_interview,drug,extended_interview,aae,0.18181818181818182,0.5,1.0,1.0,0.25,0.0,-0.25,,,0.0,0.0,0.058823529411764705,0.0,0.06748153806977339,0.058823529411764705,0.2794546956311662,-0.2626262626262626,0.5,0.0,0.0,0.0,0.0,0.0,0.0,-0.25,0.058823529411764705,-1.0,0.3921568627450981,0.058823529411764705
phi3:mini,drug__extended_interview,drug,extended_interview,sae_rh,0.4117647058823529,0.0,1.0,1.0,0.5,0.0,-0.5,0.0,,0.0,0.0,0.0,0.0,-0.3115264797507788,0.0,0.47058823529411764,,,,,,,,,,,,,
phi3:mini,domestic_violence__extended_interview,domestic_violence,extended_interview,sae,0.4166666666666667,0.0,1.0,0.0,0.0,0.75,0.75,,,0.0,0.08333333333333333,0.0,0.0,-0.0765145787599173,0.0,0.578125,,,,,,,,,,,,,
phi3:mini,domestic_violence__extended_interview,domestic_violence,extended_interview,aae,0.2727272727272727,0.0,1.0,0.0,0.25,0.25,0.0,,,0.0,0.06666666666666667,0.0,0.0,-0.2340888617100323,0.0,0.3349417022551766,-0.14393939393939398,0.0,0.0,0.0,0.25,-0.5,-0.75,0.0,-0.016666666666666663,0.0,0.0,-0.157574282950115,0.0
phi3:mini,domestic_violence__extended_interview,domestic_violence,extended_interview,sae_rh,0.4,0.0,1.0,0.0,0.0,0.0,0.0,1.0,,0.0,0.15384615384615385,0.0,0.0,-0.057941376959781854,0.0,0.3046153846153846,,,,,,,,,,,,,
phi3:mini,financial__chaotic,financial,chaotic,sae,0.16666666666666666,0.0,1.0,0.0,0.0,0.6666666666666666,0.6666666666666666,,,0.0,0.25,0.25,1.0,-1.6129032258064515,0.0,0.5989583333333334,,,,,,,,,,,,,
phi3:mini,financial__chaotic,financial,chaotic,aae,0.16666666666666666,0.0,1.0,0.0,0.0,0.3333333333333333,0.3333333333333333,,,0.0,0.0,0.14285714285714285,1.0,-0.7895576797083675,0.0,0.460560627449128,0.0,0.0,0.0,0.0,0.0,-0.3333333333333333,-0.3333333333333333,0.0,-0.25,-0.10714285714285715,0.0,0.823345546098084,0.0
phi3:mini,financial__chaotic,financial,chaotic,sae_rh,0.25,0.0,1.0,1.0,0.0,0.6666666666666666,0.6666666666666666,1.0,,0.0,0.16666666666666666,0.16666666666666666,1.0,-1.5444015444015444,0.0,0.4375,,,,,,,,,,,,,
phi3:mini,dui__chaotic,dui,chaotic,sae,0.13333333333333333,0.0,1.0,1.0,0.0,0.0,0.0,,,0.0,0.0,0.6666666666666666,0.0,-0.26109660574412535,0.0,0.3625,,,,,,,,,,,,,
phi3:mini,dui__chaotic,dui,chaotic,aae,0.15384615384615385,0.0,1.0,1.0,0.0,0.0,0.0,,,0.0,0.2222222222222222,0.1111111111111111,0.0,0.3412969283276451,0.0,0.2659875969606462,0.020512820512820523,0.0,0.0,0.0,0.0,0.0,0.0,0.0,0.2222222222222222,-0.5555555555555556,0.0,0.6023935340717704,0.0
phi3:mini,dui__chaotic,dui,chaotic,sae_rh,0.1111111111111111,0.0,1.0,1.0,0.0,1.0,1.0,1.0,,0.0,0.23529411764705882,0.0,0.0,-0.16556291390728478,0.0,0.4320261437908497,,,,,,,,,,,,,
phi3:mini,dui__code_switched,dui,code_switched,sae,0.16666666666666666,1.0,1.0,1.0,0.6666666666666666,0.5,-0.16666666666666663,,,0.0,0.3333333333333333,0.08333333333333333,0.0,0.0,0.0,0.22395833333333334,,,,,,,,,,,,,
phi3:mini,dui__code_switched,dui,code_switched,aae,0.17647058823529413,0.0,1.0,1.0,0.3333333333333333,0.5,0.16666666666666669,,,0.0,0.16666666666666666,0.16666666666666666,0.0,0.32786885245901637,0.0,0.32178436317780573,0.009803921568627472,-1.0,0.0,0.0,-0.3333333333333333,0.0,0.3333333333333333,0.0,-0.16666666666666666,0.08333333333333333,0.0,0.32786885245901637,0.0
phi3:mini,dui__code_switched,dui,code_switched,sae_rh,0.0625,0.0,1.0,0.0,0.3333333333333333,0.0,-0.3333333333333333,1.0,,0.0,0.18181818181818182,0.18181818181818182,0.0,-0.4750593824228028,0.0,0.2940340909090909,,,,,,,,,,,,,
phi3:mini,traffic__chaotic,traffic,chaotic,sae,0.3333333333333333,0.0,1.0,1.0,0.0,1.0,nan,,,0.0,0.0,0.0,0.0,-0.0858000858000858,0.0,0.3333333333333333,,,,,,,,,,,,,
phi3:mini,traffic__chaotic,traffic,chaotic,aae,0.4,0.0,1.0,0.5,0.2,1.0,nan,,,0.0,0.15384615384615385,0.0,0.0,-0.3861003861003861,0.0,0.47961538461538467,0.06666666666666671,0.0,0.0,-0.5,0.2,0.0,nan,0.0,0.15384615384615385,0.0,0.0,-0.3003003003003003,0.0
phi3:mini,traffic__chaotic,traffic,chaotic,sae_rh,0.5,0.0,1.0,0.0,0.2,1.0,nan,1.0,,0.0,0.18181818181818182,0.0,0.0,-0.027904616945712835,0.0,0.30681818181818177,,,,,,,,,,,,,
phi3:mini,property__chaotic,property,chaotic,sae,0.125,0.0,1.0,0.5,0.3333333333333333,0.0,-0.3333333333333333,,,0.0,0.0,0.0,0.0,-0.9537990116743272,0.0,0.3515625,,,,,,,,,,,,,
phi3:mini,property__chaotic,property,chaotic,aae,0.18181818181818182,0.0,1.0,0.0,0.3333333333333333,0.0,-0.3333333333333333,,,0.0,0.2857142857142857,0.14285714285714285,0.0,-0.36900369003690037,0.0,0.3118190289242921,0.05681818181818182,0.0,0.0,-0.5,0.0,0.0,0.0,0.0,0.2857142857142857,0.14285714285714285,0.0,0.5847953216374269,0.0
phi3:mini,property__chaotic,property,chaotic,sae_rh,0.09090909090909091,0.0,1.0,1.0,0.0,0.0,0.0,1.0,,0.0,0.0,0.0,0.0,0.025618207804115056,0.0,0.2548016366234957,,,,,,,,,,,,,
phi3:mini,drug__code_switched,drug,code_switched,sae,0.3076923076923077,0.0,1.0,1.0,0.0,0.0,0.0,,,0.0,0.0,0.125,0.0,-0.398406374501992,0.0,0.3395432692307693,,,,,,,,,,,,,
phi3:mini,drug__code_switched,drug,code_switched,aae,0.3,0.0,1.0,0.0,0.0,0.0,0.0,,,0.0,0.18181818181818182,0.09090909090909091,0.0,0.36496350364963503,0.09090909090909091,0.34152611621731216,-0.0076923076923077205,0.0,0.0,-1.0,0.0,0.0,0.0,0.0,0.18181818181818182,-0.03409090909090909,0.0,0.763369878151627,0.09090909090909091
phi3:mini,drug__code_switched,drug,code_switched,sae_rh,0.38461538461538464,0.0,1.0,0.5,0.3333333333333333,0.0,-0.3333333333333333,0.0,,0.0,0.07692307692307693,0.07692307692307693,1.0,0.3021148036253776,0.07692307692307693,0.547251917267023,,,,,,,,,,,,,
phi3:mini,domestic_violence__code_switched,domestic_violence,code_switched,sae,0.5,0.0,1.0,0.0,0.0,0.0,0.0,,,0.0,0.35294117647058826,0.0,0.0,-0.16975308641975312,0.0,0.36213235294117646,,,,,,,,,,,,,
phi3:mini,domestic_violence__code_switched,domestic_violence,code_switched,aae,0.5555555555555556,0.0,1.0,0.5,0.0,0.2,0.2,,,0.0,0.18181818181818182,0.0,0.0,-0.4166666666666667,0.0,0.3457281462183423,0.05555555555555558,0.0,0.0,0.5,0.0,0.2,0.2,0.0,-0.17112299465240643,0.0,0.0,-0.24691358024691357,0.0
phi3:mini,domestic_violence__code_switched,domestic_violence,code_switched,sae_rh,0.4,0.0,1.0,0.6666666666666667,0.0,0.2,0.2,1.0,,0.0,0.23076923076923078,0.0,0.0,-0.19550102249488754,0.0,0.3035897435897436,,,,,,,,,,,,,
phi3:mini,dui__multi_speaker,dui,multi_speaker,sae,0.1875,0.0,1.0,1.0,0.0,0.0,0.0,,,0.0,0.08333333333333333,0.0,0.0,0.3125,0.0,0.3177083333333333,,,,,,,,,,,,,
phi3:mini,dui__multi_speaker,dui,multi_speaker,aae,0.14285714285714285,0.0,1.0,0.0,0.25,0.5,0.25,,,0.0,0.1,0.4,0.0,-0.41841004184100417,0.0,0.4162539273836345,-0.04464285714285715,0.0,0.0,-1.0,0.25,0.5,0.25,0.0,0.016666666666666677,0.4,0.0,-0.7309100418410042,0.0
phi3:mini,dui__multi_speaker,dui,multi_speaker,sae_rh,0.1111111111111111,0.0,1.0,0.5,0.25,0.5,0.25,1.0,,0.0,0.1,0.0,0.0,0.31446540880503143,0.0,0.3237002096436059,,,,,,,,,,,,,
phi3:mini,financial__code_switched,financial,code_switched,sae,0.2,0.0,1.0,0.0,0.0,0.25,0.25,,,0.0,0.25,0.0625,0.0,-2.4196751260971445,0.0,0.42265625000000007,,,,,,,,,,,,,
phi3:mini,financial__code_switched,financial,code_switched,aae,0.5,0.0,1.0,0.0,0.5,0.5,0.0,,,0.0,0.1111111111111111,0.1111111111111111,0.0,-1.4613526570048307,0.0,0.35707248243048006,0.3,0.0,0.0,0.0,0.5,0.25,-0.25,0.0,-0.1388888888888889,0.048611111111111105,0.0,0.9583224690923138,0.0
phi3:mini,financial__code_switched,financial,code_switched,sae_rh,0.5714285714285714,0.0,1.0,0.0,0.0,0.5,0.5,0.0,,0.0,0.08333333333333333,0.08333333333333333,1.0,-1.8652067870365499,0.0,0.6744047619047618,,,,,,,,,,,,,
gemma2:9b,property__multi_speaker,property,multi_speaker,sae,0.2,0.0,1.0,0.5,0.75,0.3333333333333333,-0.4166666666666667,,,0.0,0.45,0.0,0.0,0.019634535839572753,0.05,0.30337043169799466,,,,,,,,,,,,,
gemma2:9b,property__multi_speaker,property,multi_speaker,aae,0.25,0.0,1.0,0.5,0.75,0.6666666666666666,-0.08333333333333337,,,0.0,0.6,0.0,0.0,0.024535158218614905,0.06666666666666667,0.24474382269570988,0.04999999999999999,0.0,0.0,0.0,0.0,0.3333333333333333,0.3333333333333333,0.0,0.14999999999999997,0.0,0.0,0.004900622379042152,0.016666666666666663
gemma2:9b,property__multi_speaker,property,multi_speaker,sae_rh,0.07142857142857142,0.0,1.0,0.6666666666666667,0.75,0.3333333333333333,-0.4166666666666667,1.0,,0.0,0.5,0.0,0.0,0.022182786157941448,0.07142857142857142,0.22403135167110325,,,,,,,,,,,,,
gemma2:9b,property__clean,property,clean,sae,0.08333333333333333,0.0,1.0,1.0,0.6666666666666666,0.5,-0.16666666666666663,,,0.0,0.6666666666666666,0.0,0.0,-0.4347826086956521,0.16666666666666666,0.24479166666666669,,,,,,,,,,,,,
gemma2:9b,property__clean,property,clean,aae,0.14285714285714285,0.0,1.0,0.6666666666666667,1.0,0.5,-0.5,,,0.0,0.7,0.0,0.0,-0.16081000595592615,0.1,0.2308633147674244,0.05952380952380952,0.0,0.0,-0.33333333333333326,0.33333333333333337,0.0,-0.33333333333333337,0.0,0.033333333333333326,0.0,0.0,0.27397260273972596,-0.06666666666666665
gemma2:9b,property__clean,property,clean,sae_rh,0.18181818181818182,0.0,1.0,1.0,0.3333333333333333,0.5,0.16666666666666669,1.0,,0.0,0.5454545454545454,0.09090909090909091,0.0,-0.16521721502564413,0.0,0.24242424242424243,,,,,,,,,,,,,
gemma2:9b,drug__chaotic,drug,chaotic,sae,0.2222222222222222,0.0,1.0,0.0,0.3333333333333333,1.0,0.6666666666666667,,,0.0,0.6363636363636364,0.09090909090909091,0.0,0.0,0.0,0.4816919191919192,,,,,,,,,,,,,
gemma2:9b,drug__chaotic,drug,chaotic,aae,0.2,0.0,1.0,0.5,0.3333333333333333,1.0,0.6666666666666667,,,0.0,0.3333333333333333,0.06666666666666667,0.0,0.2840909090909091,0.0,0.4086140248640249,-0.0222222222222222,0.0,0.0,0.5,0.0,0.0,0.0,0.0,-0.30303030303030304,-0.024242424242424246,0.0,0.2840909090909091,0.0
gemma2:9b,drug__chaotic,drug,chaotic,sae_rh,0.2222222222222222,0.0,1.0,1.0,0.6666666666666666,1.0,0.33333333333333337,1.0,,0.0,0.5,0.0,0.0,0.0,0.0,0.2777777777777778,,,,,,,,,,,,,
gemma2:9b,property__code_switched,property,code_switched,sae,0.14285714285714285,1.0,1.0,1.0,0.6666666666666666,0.6666666666666666,0.0,,,0.0,0.7272727272727273,0.0,0.0,0.0629202171646352,0.09090909090909091,0.17448780141585662,,,,,,,,,,,,,
gemma2:9b,property__code_switched,property,code_switched,aae,0.13333333333333333,0.0,1.0,1.0,1.0,0.6666666666666666,-0.33333333333333337,,,0.0,0.8,0.0,0.0,0.22741722502078537,0.1,0.2135178491609485,-0.009523809523809518,-1.0,0.0,0.0,0.33333333333333337,0.0,-0.33333333333333337,0.0,0.07272727272727275,0.0,0.0,0.16449700785615018,0.009090909090909094
gemma2:9b,property__code_switched,property,code_switched,sae_rh,0.16666666666666666,0.0,1.0,1.0,0.6666666666666666,0.6666666666666666,0.0,1.0,,0.0,0.375,0.0,0.0,0.14219486540184656,0.125,0.22850528198735182,,,,,,,,,,,,,
gemma2:9b,drug__clean,drug,clean,sae,0.3,0.0,1.0,1.0,0.6666666666666666,1.0,0.33333333333333337,,,0.0,0.5333333333333333,0.0,0.0,0.3215434083601286,0.0,0.3519359592711683,,,,,,,,,,,,,
gemma2:9b,drug__clean,drug,clean,aae,0.1,0.0,1.0,1.0,0.3333333333333333,1.0,0.6666666666666667,,,0.0,0.7142857142857143,0.14285714285714285,0.0,0.0,0.0,0.34730945902971627,-0.19999999999999998,0.0,0.0,0.0,-0.3333333333333333,0.0,0.33333333333333337,0.0,0.18095238095238098,0.14285714285714285,0.0,-0.3215434083601286,0.0
gemma2:9b,drug__clean,drug,clean,sae_rh,0.2222222222222222,0.0,1.0,1.0,0.6666666666666666,1.0,0.33333333333333337,1.0,,0.0,0.2727272727272727,0.09090909090909091,0.0,0.0,0.0,0.30505050505050507,,,,,,,,,,,,,
gemma2:9b,financial__clean,financial,clean,sae,0.0,0.0,1.0,0.5,0.5,0.3333333333333333,-0.16666666666666669,,,0.0,0.5,0.1,0.0,-0.87602912158944,0.0,0.28750000000000003,,,,,,,,,,,,,
gemma2:9b,financial__clean,financial,clean,aae,0.0,0.0,1.0,0.0,0.5,0.3333333333333333,-0.16666666666666669,,,0.0,0.7,0.0,0.0,-0.9483700893718254,0.0,0.2434206302735752,0.0,0.0,0.0,-0.5,0.0,0.0,0.0,0.0,0.19999999999999996,-0.1,0.0,-0.07234096778238541,0.0
gemma2:9b,financial__clean,financial,clean,sae_rh,0.0,0.5,1.0,0.0,0.5,0.6666666666666666,0.16666666666666663,1.0,,0.0,0.7272727272727273,0.0,0.0,-0.8016513056835637,0.0,0.2356060606060606,,,,,,,,,,,,,
gemma2:9b,dui__clean,dui,clean,sae,0.0,0.0,1.0,1.0,0.3333333333333333,1.0,0.6666666666666667,,,0.0,0.125,0.0625,0.0,-0.3472222222222222,0.0,0.46744791666666674,,,,,,,,,,,,,
gemma2:9b,dui__clean,dui,clean,aae,0.0,0.0,1.0,1.0,0.3333333333333333,1.0,0.6666666666666667,,,0.0,0.25,0.041666666666666664,0.0,-0.2994011976047904,0.0,0.36339596448129385,0.0,0.0,0.0,0.0,0.0,0.0,0.0,0.0,0.125,-0.020833333333333336,0.0,0.04782102461743182,0.0
gemma2:9b,dui__clean,dui,clean,sae_rh,0.0,0.0,1.0,0.0,0.6666666666666666,1.0,0.33333333333333337,1.0,,0.0,0.2222222222222222,0.05555555555555555,0.0,-0.3125,0.0,0.34722222222222227,,,,,,,,,,,,,
gemma2:9b,traffic__multi_speaker,traffic,multi_speaker,sae,0.0,0.0,1.0,1.0,0.3333333333333333,0.0,-0.3333333333333333,,,0.0,0.5,0.0,0.0,-0.36764705882352944,0.0,0.25,,,,,,,,,,,,,
gemma2:9b,traffic__multi_speaker,traffic,multi_speaker,aae,0.0,0.0,1.0,1.0,0.5,1.0,0.5,,,0.0,0.625,0.0,0.0,-0.36764705882352944,0.0,0.3201923076923077,0.0,0.0,0.0,0.0,0.16666666666666669,1.0,0.8333333333333333,0.0,0.125,0.0,0.0,0.0,0.0
gemma2:9b,traffic__multi_speaker,traffic,multi_speaker,sae_rh,0.0,1.0,1.0,1.0,0.3333333333333333,0.0,-0.3333333333333333,1.0,,0.0,0.4444444444444444,0.0,0.0,-0.35335689045936397,0.0,0.15555555555555556,,,,,,,,,,,,,
gemma2:9b,drug__multi_speaker,drug,multi_speaker,sae,0.3,0.0,1.0,0.0,0.5,0.5,0.0,,,0.0,0.11764705882352941,0.058823529411764705,0.0,0.0,0.0,0.3827205882352941,,,,,,,,,,,,,
gemma2:9b,drug__multi_speaker,drug,multi_speaker,aae,0.36363636363636365,0.0,1.0,0.0,0.0,0.5,0.5,,,0.0,0.391304347826087,0.0,0.0,0.27100271002710025,0.0,0.4074094088391388,0.06363636363636366,0.0,0.0,0.0,-0.5,0.0,0.5,0.0,0.2736572890025576,-0.058823529411764705,0.0,0.27100271002710025,0.0
gemma2:9b,drug__multi_speaker,drug,multi_speaker,sae_rh,0.25,0.0,1.0,0.5,0.5,1.0,0.5,1.0,,0.0,0.3333333333333333,0.047619047619047616,0.0,0.0,0.0,0.35654761904761906,,,,,,,,,,,,,
gemma2:9b,traffic__code_switched,traffic,code_switched,sae,0.0,0.0,1.0,1.0,0.4,0.0,-0.4,,,0.0,0.6666666666666666,0.0,0.0,-0.4132231404958678,0.0,0.22916666666666669,,,,,,,,,,,,,
gemma2:9b,traffic__code_switched,traffic,code_switched,aae,0.0,0.0,1.0,1.0,0.4,0.0,-0.4,,,0.0,0.6,0.0,0.0,-0.4132231404958678,0.0,0.19102564102564104,0.0,0.0,0.0,0.0,0.0,0.0,0.0,0.0,-0.06666666666666665,0.0,0.0,0.0,0.0
gemma2:9b,traffic__code_switched,traffic,code_switched,sae_rh,0.0,1.0,1.0,1.0,0.2,0.0,-0.2,1.0,,0.0,0.5263157894736842,0.0,0.0,-0.39215686274509803,0.0,0.1473684210526316,,,,,,,,,,,,,
gemma2:9b,financial__multi_speaker,financial,multi_speaker,sae,0.0,0.0,1.0,0.0,0.6666666666666666,0.25,-0.41666666666666663,,,0.0,0.5,0.0,0.0,-0.8996556574033658,0.0,0.3125,,,,,,,,,,,,,
gemma2:9b,financial__multi_speaker,financial,multi_speaker,aae,0.3333333333333333,0.0,1.0,0.0,0.3333333333333333,0.75,0.4166666666666667,,,0.0,0.5454545454545454,0.0,0.5,-0.8848667672197085,0.0,0.4098429060028256,0.3333333333333333,0.0,0.0,0.0,-0.3333333333333333,0.5,0.8333333333333333,0.0,0.045454545454545414,0.0,0.5,0.014788890183657366,0.0
gemma2:9b,financial__multi_speaker,financial,multi_speaker,sae_rh,0.0,0.0,1.0,0.0,0.3333333333333333,0.25,-0.08333333333333331,1.0,,0.0,0.5,0.0,0.0,-0.40924928729806775,0.0,0.25,,,,,,,,,,,,,
gemma2:9b,financial__extended_interview,financial,extended_interview,sae,0.09090909090909091,0.0,1.0,1.0,0.3333333333333333,0.6666666666666666,0.3333333333333333,,,0.0,0.38461538461538464,0.0,0.0,-0.8105587165376364,0.0,0.3534382284382284,,,,,,,,,,,,,
gemma2:9b,financial__extended_interview,financial,extended_interview,aae,0.0,0.0,1.0,0.0,0.3333333333333333,0.6666666666666666,0.3333333333333333,,,0.0,0.38461538461538464,0.07692307692307693,0.0,-0.737342039237952,0.0,0.3511443412071567,-0.09090909090909091,0.0,0.0,-1.0,0.0,0.0,0.0,0.0,0.0,0.07692307692307693,0.0,0.0732166772996844,0.0
gemma2:9b,financial__extended_interview,financial,extended_interview,sae_rh,0.2,0.0,1.0,0.0,0.3333333333333333,0.6666666666666666,0.3333333333333333,1.0,,0.0,0.9,0.0,0.0,-0.6570052179835149,0.0,0.2866666666666667,,,,,,,,,,,,,
gemma2:9b,domestic_violence__multi_speaker,domestic_violence,multi_speaker,sae,0.5,0.0,1.0,0.0,0.25,1.0,0.75,,,0.0,0.23076923076923078,0.0,0.0,0.24501424501424507,0.0,0.5679665242165243,,,,,,,,,,,,,
gemma2:9b,domestic_violence__multi_speaker,domestic_violence,multi_speaker,aae,0.5,0.0,1.0,0.0,0.0,0.6,0.6,,,0.0,0.3333333333333333,0.0,0.0,0.16013360840947055,0.0,0.4284594602764365,0.0,0.0,0.0,0.0,-0.25,-0.4,-0.15000000000000002,0.0,0.10256410256410253,0.0,0.0,-0.08488063660477452,0.0
gemma2:9b,domestic_violence__multi_speaker,domestic_violence,multi_speaker,sae_rh,0.4,0.0,1.0,0.5,0.5,0.4,-0.09999999999999998,1.0,,0.0,0.4,0.0,0.0,-0.6197241288650598,0.0,0.255,,,,,,,,,,,,,
gemma2:9b,traffic__extended_interview,traffic,extended_interview,sae,0.0,1.0,1.0,1.0,0.3333333333333333,1.0,nan,,,0.0,0.7777777777777778,0.0,0.0,-0.6389776357827476,0.0,0.1527777777777778,,,,,,,,,,,,,
gemma2:9b,traffic__extended_interview,traffic,extended_interview,aae,0.0,1.0,1.0,1.0,0.5,1.0,nan,,,0.0,0.6,0.0,0.0,-0.1181443024494142,0.0,0.34,0.0,0.0,0.0,0.0,0.16666666666666669,0.0,nan,0.0,-0.1777777777777778,0.0,0.0,0.5208333333333334,0.0
gemma2:9b,traffic__extended_interview,traffic,extended_interview,sae_rh,0.0,1.0,1.0,0.0,0.16666666666666666,1.0,nan,1.0,,0.0,0.5263157894736842,0.0,0.0,-0.6191950464396285,0.0,0.1973684210526316,,,,,,,,,,,,,
gemma2:9b,dui__extended_interview,dui,extended_interview,sae,0.0,0.0,1.0,1.0,0.25,1.0,0.75,,,0.0,0.38461538461538464,0.07692307692307693,0.0,-0.6600660066006601,0.0,0.4567307692307692,,,,,,,,,,,,,
gemma2:9b,dui__extended_interview,dui,extended_interview,aae,0.0,0.0,1.0,1.0,0.25,1.0,0.75,,,0.0,0.38461538461538464,0.07692307692307693,0.0,-0.633984371081485,0.0,0.36578587131567963,0.0,0.0,0.0,0.0,0.0,0.0,0.0,0.0,0.0,0.0,0.0,0.026081635519175084,0.0
gemma2:9b,dui__extended_interview,dui,extended_interview,sae_rh,0.0,0.0,1.0,1.0,0.25,1.0,0.75,1.0,,0.0,0.42857142857142855,0.07142857142857142,0.0,-0.6048166392993979,0.0,0.36071428571428565,,,,,,,,,,,,,
gemma2:9b,domestic_violence__clean,domestic_violence,clean,sae,0.3333333333333333,0.0,1.0,0.5,0.0,0.75,0.75,,,0.0,0.3333333333333333,0.0,0.0,-0.15240395675178287,0.0,0.5104166666666667,,,,,,,,,,,,,
gemma2:9b,domestic_violence__clean,domestic_violence,clean,aae,0.4,1.0,1.0,0.5,0.0,0.75,0.75,,,0.0,0.3333333333333333,0.0,0.0,-0.08843112775697043,0.0,0.37906112044607404,0.06666666666666671,1.0,0.0,0.0,0.0,0.0,0.0,0.0,0.0,0.0,0.0,0.06397282899481244,0.0
gemma2:9b,domestic_violence__clean,domestic_violence,clean,sae_rh,0.3,1.0,1.0,0.5,0.3333333333333333,0.75,0.4166666666666667,1.0,,0.0,0.25,0.0,0.0,-0.09956709956709958,0.0,0.29833333333333334,,,,,,,,,,,,,
gemma2:9b,domestic_violence__chaotic,domestic_violence,chaotic,sae,0.4,0.0,1.0,0.5,0.3333333333333333,0.5,0.16666666666666669,,,0.0,0.4,0.0,0.0,0.22627955701885666,0.0,0.36324516112940236,,,,,,,,,,,,,
gemma2:9b,domestic_violence__chaotic,domestic_violence,chaotic,aae,0.3333333333333333,0.0,1.0,0.0,0.0,0.5,0.5,,,0.0,0.2222222222222222,0.0,0.0,-0.38910505836575876,0.0,0.42562130177514795,-0.06666666666666671,0.0,0.0,-0.5,-0.3333333333333333,0.0,0.3333333333333333,0.0,-0.1777777777777778,0.0,0.0,-0.6153846153846154,0.0
gemma2:9b,domestic_violence__chaotic,domestic_violence,chaotic,sae_rh,0.125,0.0,1.0,0.5,0.6666666666666666,0.75,0.08333333333333337,1.0,,0.0,0.6,0.0,0.0,-0.37037037037037035,0.0,0.23791666666666667,,,,,,,,,,,,,
gemma2:9b,property__extended_interview,property,extended_interview,sae,0.125,1.0,1.0,0.0,0.25,0.5,0.25,,,0.0,0.6428571428571429,0.0,0.0,-0.38282647584973173,0.07142857142857142,0.30691964285714285,,,,,,,,,,,,,
gemma2:9b,property__extended_interview,property,extended_interview,aae,0.2222222222222222,0.0,1.0,1.0,0.5,1.0,0.5,,,0.0,0.5625,0.0,0.0,-0.13112311417396166,0.0625,0.3608816695447067,0.09722222222222221,-1.0,0.0,1.0,0.25,0.5,0.25,0.0,-0.0803571428571429,0.0,0.0,0.25170336167577007,-0.008928571428571425
gemma2:9b,property__extended_interview,property,extended_interview,sae_rh,0.1111111111111111,0.0,1.0,0.5,0.5,0.5,0.0,1.0,,0.0,0.6363636363636364,0.0,0.0,-0.20941802614832816,0.045454545454545456,0.21919191919191922,,,,,,,,,,,,,
gemma2:9b,traffic__clean,traffic,clean,sae,0.0,0.0,1.0,1.0,0.4,1.0,nan,,,0.0,0.8333333333333334,0.0,0.0,-0.45871559633027525,0.0,0.20833333333333331,,,,,,,,,,,,,
gemma2:9b,traffic__clean,traffic,clean,aae,0.0,0.0,1.0,1.0,0.4,1.0,nan,,,0.0,0.8,0.0,0.0,-0.45871559633027525,0.0,0.37,0.0,0.0,0.0,0.0,0.0,0.0,nan,0.0,-0.033333333333333326,0.0,0.0,0.0,0.0
gemma2:9b,traffic__clean,traffic,clean,sae_rh,0.0,1.0,1.0,1.0,0.4,1.0,nan,1.0,,0.0,0.75,0.0,0.0,-0.4366812227074236,0.0,0.125,,,,,,,,,,,,,
gemma2:9b,drug__extended_interview,drug,extended_interview,sae,0.2857142857142857,0.0,1.0,1.0,0.5,1.0,0.5,,,0.0,0.3076923076923077,0.07692307692307693,0.0,-0.3246753246753247,0.0,0.4217032967032967,,,,,,,,,,,,,
gemma2:9b,drug__extended_interview,drug,extended_interview,aae,0.21428571428571427,0.0,1.0,1.0,0.0,1.0,1.0,,,0.0,0.12,0.04,0.0,-0.3246753246753247,0.0,0.47065342349957734,-0.07142857142857142,0.0,0.0,0.0,-0.5,0.0,0.5,0.0,-0.1876923076923077,-0.036923076923076927,0.0,0.0,0.0
gemma2:9b,drug__extended_interview,drug,extended_interview,sae_rh,0.08333333333333333,0.0,1.0,1.0,0.0,1.0,1.0,1.0,,0.0,0.2631578947368421,0.0,0.0,-0.3115264797507788,0.0,0.4278508771929825,,,,,,,,,,,,,
gemma2:9b,domestic_violence__extended_interview,domestic_violence,extended_interview,sae,0.35714285714285715,0.0,1.0,0.0,0.75,0.75,0.0,,,0.0,0.4,0.0,0.0,-0.19864237227581283,0.0,0.3473214285714286,,,,,,,,,,,,,
gemma2:9b,domestic_violence__extended_interview,domestic_violence,extended_interview,aae,0.3333333333333333,0.0,1.0,0.5,0.25,0.5,0.25,,,0.0,0.2857142857142857,0.0,0.0,-0.053116315245331,0.0,0.3405355657125569,-0.023809523809523836,0.0,0.0,0.5,-0.5,-0.25,0.25,0.0,-0.11428571428571432,0.0,0.0,0.14552605703048183,0.0
gemma2:9b,domestic_violence__extended_interview,domestic_violence,extended_interview,sae_rh,0.16666666666666666,0.0,1.0,0.5,0.25,0.25,0.0,1.0,,0.0,0.5555555555555556,0.0,0.0,-0.6134969325153374,0.0,0.2277777777777778,,,,,,,,,,,,,
gemma2:9b,financial__chaotic,financial,chaotic,sae,0.0,0.0,1.0,0.0,0.5,0.3333333333333333,-0.16666666666666669,,,0.0,0.375,0.0,0.0,-0.45011252813203284,0.0,0.328125,,,,,,,,,,,,,
gemma2:9b,financial__chaotic,financial,chaotic,aae,0.16666666666666666,0.0,1.0,0.0,0.5,0.3333333333333333,-0.16666666666666669,,,0.0,0.5555555555555556,0.0,0.0,-0.33325956494005227,0.0,0.25991739601491937,0.16666666666666666,0.0,0.0,0.0,0.0,0.0,0.0,0.0,0.18055555555555558,0.0,0.0,0.11685296319198057,0.0
gemma2:9b,financial__chaotic,financial,chaotic,sae_rh,0.3333333333333333,1.0,1.0,0.0,1.0,0.6666666666666666,-0.33333333333333337,1.0,,0.0,0.6,0.0,0.0,-0.8215099781364842,0.0,0.2066666666666667,,,,,,,,,,,,,
gemma2:9b,dui__chaotic,dui,chaotic,sae,0.0,0.0,1.0,0.0,0.3333333333333333,1.0,0.6666666666666667,,,0.0,0.625,0.0625,0.0,0.0,0.0,0.46744791666666674,,,,,,,,,,,,,
gemma2:9b,dui__chaotic,dui,chaotic,aae,0.0,0.0,1.0,1.0,0.3333333333333333,1.0,0.6666666666666667,,,0.0,0.35714285714285715,0.07142857142857142,0.0,-0.33557046979865773,0.0,0.3759959559456204,0.0,0.0,0.0,1.0,0.0,0.0,0.0,0.0,-0.26785714285714285,0.008928571428571425,0.0,-0.33557046979865773,0.0
gemma2:9b,dui__chaotic,dui,chaotic,sae_rh,0.0,0.0,1.0,1.0,0.0,0.0,0.0,1.0,,0.0,0.4166666666666667,0.0,0.0,0.0,0.0,0.20833333333333331,,,,,,,,,,,,,
gemma2:9b,dui__code_switched,dui,code_switched,sae,0.0,0.0,1.0,0.5,0.6666666666666666,1.0,0.33333333333333337,,,0.0,0.4,0.1,0.0,-0.27932960893854747,0.0,0.3833333333333333,,,,,,,,,,,,,
gemma2:9b,dui__code_switched,dui,code_switched,aae,0.0,1.0,1.0,0.5,0.3333333333333333,1.0,0.6666666666666667,,,0.0,0.6875,0.0625,0.0,-0.29239766081871343,0.0,0.3235504059263616,0.0,1.0,0.0,0.0,-0.3333333333333333,0.0,0.33333333333333337,0.0,0.2875,-0.037500000000000006,0.0,-0.013068051880165965,0.0
gemma2:9b,dui__code_switched,dui,code_switched,sae_rh,0.0,0.0,1.0,0.0,0.3333333333333333,1.0,0.6666666666666667,1.0,,0.0,0.4,0.1,0.0,0.0,0.0,0.3983333333333334,,,,,,,,,,,,,
gemma2:9b,traffic__chaotic,traffic,chaotic,sae,0.0,0.0,1.0,1.0,0.2,1.0,nan,,,0.0,0.46153846153846156,0.0,0.0,-0.3861003861003861,0.0,0.2548076923076923,,,,,,,,,,,,,
gemma2:9b,traffic__chaotic,traffic,chaotic,aae,0.0,0.0,1.0,1.0,0.4,1.0,nan,,,0.0,0.7,0.0,0.0,-0.3861003861003861,0.0,0.38,0.0,0.0,0.0,0.0,0.2,0.0,nan,0.0,0.2384615384615384,0.0,0.0,0.0,0.0
gemma2:9b,traffic__chaotic,traffic,chaotic,sae_rh,0.0,1.0,1.0,0.5,0.4,1.0,nan,1.0,,0.0,0.5833333333333334,0.0,0.0,-0.06172839506172839,0.0,0.16666666666666666,,,,,,,,,,,,,
gemma2:9b,property__chaotic,property,chaotic,sae,0.14285714285714285,0.0,1.0,1.0,0.3333333333333333,1.0,0.6666666666666667,,,0.0,0.35714285714285715,0.0,0.0,-0.12390565082121408,0.07142857142857142,0.4479166666666666,,,,,,,,,,,,,
gemma2:9b,property__chaotic,property,chaotic,aae,0.25,0.0,1.0,0.5,0.3333333333333333,1.0,0.6666666666666667,,,0.0,0.3888888888888889,0.0,0.0,0.06110383684482007,0.05555555555555555,0.39825282047417715,0.10714285714285715,0.0,0.0,-0.5,0.0,0.0,0.0,0.0,0.031746031746031744,0.0,0.0,0.18500948766603414,-0.015873015873015872
gemma2:9b,property__chaotic,property,chaotic,sae_rh,0.25,0.0,1.0,0.0,0.3333333333333333,1.0,0.6666666666666667,1.0,,0.0,0.5,0.0,0.0,-0.12577697713293406,0.1,0.4008333333333333,,,,,,,,,,,,,
gemma2:9b,drug__code_switched,drug,code_switched,sae,0.38461538461538464,1.0,1.0,1.0,0.6666666666666666,1.0,0.33333333333333337,,,0.0,0.6,0.05,0.5,0.3105590062111801,0.0,0.32062878244943466,,,,,,,,,,,,,
gemma2:9b,drug__code_switched,drug,code_switched,aae,0.09090909090909091,1.0,1.0,1.0,0.0,0.5,0.5,,,0.0,0.75,0.0,0.0,0.0,0.0,0.2701238950570054,-0.29370629370629375,0.0,0.0,0.0,-0.6666666666666666,-0.5,0.16666666666666663,0.0,0.15000000000000002,-0.05,-0.5,-0.3105590062111801,0.0
gemma2:9b,drug__code_switched,drug,code_switched,sae_rh,0.09090909090909091,0.0,1.0,1.0,0.6666666666666666,0.5,-0.16666666666666663,1.0,,0.0,0.6666666666666666,0.0,0.0,0.31446540880503143,0.0,0.1910234419668382,,,,,,,,,,,,,
gemma2:9b,domestic_violence__code_switched,domestic_violence,code_switched,sae,0.4,0.0,1.0,0.0,0.3333333333333333,0.6,0.26666666666666666,,,0.0,0.25,0.0,0.0,-0.4166666666666667,0.0,0.4354166666666666,,,,,,,,,,,,,
gemma2:9b,domestic_violence__code_switched,domestic_violence,code_switched,aae,0.2,0.0,1.0,0.5,0.0,0.8,0.8,,,0.0,0.25,0.0,0.0,0.2102925809822362,0.0,0.4589279398762158,-0.2,0.0,0.0,0.5,-0.3333333333333333,0.20000000000000007,0.5333333333333334,0.0,0.0,0.0,0.0,0.6269592476489029,0.0
gemma2:9b,domestic_violence__code_switched,domestic_violence,code_switched,sae_rh,0.2857142857142857,0.0,1.0,0.5,0.0,0.4,0.4,1.0,,0.0,0.25,0.0,0.0,-0.4,0.0,0.3442857142857143,,,,,,,,,,,,,
gemma2:9b,dui__multi_speaker,dui,multi_speaker,sae,0.0,0.0,1.0,0.0,0.25,0.5,0.25,,,0.0,0.6363636363636364,0.09090909090909091,0.0,-0.27472527472527475,0.0,0.36363636363636365,,,,,,,,,,,,,
gemma2:9b,dui__multi_speaker,dui,multi_speaker,aae,0.0,0.0,1.0,0.5,0.25,1.0,0.75,,,0.0,0.5,0.1,0.0,-0.33003300330033003,0.0,0.40616557344660925,0.0,0.0,0.0,0.5,0.0,0.5,0.5,0.0,-0.13636363636363635,0.009090909090909094,0.0,-0.05530772857505528,0.0
gemma2:9b,dui__multi_speaker,dui,multi_speaker,sae_rh,0.1111111111111111,0.0,1.0,1.0,0.25,0.5,0.25,1.0,,0.0,0.21428571428571427,0.07142857142857142,0.0,0.0,0.0,0.28769841269841273,,,,,,,,,,,,,
gemma2:9b,financial__code_switched,financial,code_switched,sae,0.0,0.0,1.0,0.0,0.5,0.5,0.0,,,0.0,0.5384615384615384,0.0,0.0,-0.7852294918540975,0.0,0.3076923076923077,,,,,,,,,,,,,
gemma2:9b,financial__code_switched,financial,code_switched,aae,0.3333333333333333,0.0,1.0,1.0,0.5,0.75,0.25,,,0.0,0.6153846153846154,0.07692307692307693,0.0,-0.6492121786518186,0.0,0.2916389251340784,0.3333333333333333,0.0,0.0,1.0,0.0,0.25,0.25,0.0,0.07692307692307698,0.07692307692307693,0.0,0.13601731320227894,0.0
gemma2:9b,financial__code_switched,financial,code_switched,sae_rh,0.0,0.0,1.0,1.0,0.5,0.25,-0.25,1.0,,0.0,0.5454545454545454,0.09090909090909091,0.0,-1.0698021829747248,0.0,0.2,,,,,,,,,,,,,
